;body length (cm);body mass (g);court area (sq. m.);number of partners this year (1);mean song duration (s);mean song loudness (dB);mimics pigs;mimics humans;mimics waterfalls
0;22.2;30.19;3.91;5;9.78;43.144;False;False;False
1;18.7;18.64;3.34;8;6.79;69.122;False;False;False
2;29.1;31.93;4.41;4;10.73;41.014;False;False;False
3;27.3;22.89;5.95;3;50.47;80.725;False;True;False
4;18.7;21.58;3.11;10;14.73;81.637;False;False;False
5;30.0;24.11;5.74;6;42.51;81.968;True;True;True
6;21.2;28.42;3.54;4;23.48;40.662;False;False;False
7;33.5;27.78;6.64;4;30.99;78.795;True;False;True
8;25.4;36.13;4.0;9;14.43;36.88;False;False;False
9;16.7;36.88;3.94;4;31.26;52.004;True;True;True
10;26.5;34.77;3.46;3;5.16;41.349;False;False;False
11;23.9;29.12;3.13;6;8.9;35.145;False;False;False
12;23.6;31.96;3.67;7;47.26;37.955;False;False;False
13;24.0;31.32;4.21;7;4.84;38.473;False;False;False
14;26.7;32.56;3.44;7;24.63;42.538;False;False;False
15;19.3;23.46;2.87;10;26.4;67.783;False;False;False
16;23.5;29.28;3.5;6;23.08;40.864;False;False;False
17;29.5;36.46;4.77;8;0.77;55.108;False;True;True
18;24.1;30.62;4.23;6;11.15;39.0;False;False;False
19;31.3;38.17;4.61;6;3.38;62.663;False;True;False
20;18.5;18.96;3.17;12;16.4;66.68;False;True;False
21;26.2;33.09;3.63;6;16.71;37.323;False;False;False
22;27.3;24.29;6.14;6;46.36;81.662;True;True;True
23;23.0;28.34;4.22;3;32.26;42.43;False;False;False
24;29.3;28.1;5.36;7;26.78;77.83;True;True;True
25;27.3;36.96;4.43;6;5.69;56.063;False;True;False
26;32.9;25.94;7.06;6;96.52;79.961;True;True;True
27;33.1;36.86;5.94;5;2.85;56.216;False;False;False
28;23.7;30.98;3.41;5;26.16;39.169;False;False;False
29;22.8;27.13;3.87;3;4.51;43.346;False;False;False
30;23.1;28.36;4.26;4;16.49;41.933;False;False;False
31;32.7;39.05;5.02;12;18.14;55.707;False;True;False
32;32.3;22.58;6.38;3;31.82;79.525;True;False;True
33;29.2;35.45;5.16;11;6.06;63.875;False;True;False
34;23.2;27.37;3.87;6;24.27;42.089;False;False;False
35;23.1;29.87;4.06;8;6.33;41.991;False;False;False
36;28.6;26.24;5.84;6;36.11;80.637;True;False;True
37;24.4;32.22;3.81;3;25.86;40.256;False;False;False
38;25.4;28.48;4.22;7;22.0;37.639;False;False;False
39;26.1;33.5;3.76;8;49.11;41.389;False;False;False
40;25.5;22.2;5.89;5;36.07;76.377;True;True;True
41;26.4;33.29;4.82;12;0.13;49.826;False;False;False
42;23.8;31.52;4.47;4;70.33;39.504;False;False;False
43;27.8;22.52;6.0;6;27.95;82.146;True;False;True
44;22.7;30.05;4.32;5;21.04;36.225;False;False;False
45;26.9;32.56;5.17;5;30.46;61.972;False;True;False
46;25.3;30.66;4.05;3;23.2;41.296;False;False;False
47;15.9;33.69;3.99;6;35.76;44.605;True;True;True
48;18.3;32.63;4.7;4;52.69;45.108;False;True;True
49;29.8;22.5;5.81;7;30.19;82.203;True;True;True
50;18.9;18.79;3.11;13;39.44;66.276;False;True;False
51;29.5;38.05;4.73;10;4.55;57.283;False;False;False
52;28.2;35.35;4.74;5;10.65;62.149;False;False;False
53;22.9;31.86;4.36;6;13.11;39.051;False;False;False
54;21.2;31.16;3.13;5;3.98;37.333;False;False;False
55;23.0;33.62;3.14;4;50.88;38.823;False;False;False
56;24.4;28.05;3.86;5;22.12;41.004;False;False;False
57;30.0;38.49;4.54;8;3.06;62.156;False;False;False
58;27.9;33.6;5.15;8;8.99;58.971;False;True;False
59;26.3;30.55;4.29;6;7.33;42.899;False;False;False
60;27.2;29.46;5.68;7;4.34;57.827;False;False;False
61;31.8;24.26;5.93;3;65.68;77.683;False;True;False
62;22.7;26.57;4.17;8;5.17;39.533;False;False;False
63;32.6;38.22;4.79;10;3.23;62.725;False;False;False
64;30.6;35.52;5.33;7;9.33;58.36;False;False;True
65;16.7;19.8;2.58;7;20.82;73.77;False;False;False
66;19.0;35.27;4.31;6;58.86;52.596;True;True;True
67;27.2;21.98;5.49;4;54.21;78.875;False;False;True
68;27.7;32.84;5.47;7;1.32;57.694;False;False;False
69;29.0;22.46;5.44;8;30.43;79.547;True;True;True
70;27.4;36.97;4.25;12;7.37;58.791;False;False;False
71;17.2;22.27;4.33;5;4.02;42.706;False;False;False
72;30.2;26.12;6.0;3;41.06;82.24;False;True;True
73;20.5;29.57;3.62;3;26.11;39.631;False;False;False
74;27.4;23.9;5.56;4;22.77;78.541;False;True;True
75;18.7;34.06;4.42;4;26.45;51.819;True;True;True
76;27.5;25.0;5.62;8;46.53;81.085;False;True;True
77;26.3;22.51;5.1;7;22.12;80.841;False;True;True
78;23.1;34.11;3.3;7;10.44;39.681;False;False;False
79;28.6;35.41;4.84;6;8.69;61.482;False;True;False
80;32.5;20.59;6.49;8;57.33;80.934;False;True;True
81;32.3;42.74;4.19;5;5.25;64.055;False;False;False
82;32.0;39.8;4.56;7;5.03;56.567;False;True;False
83;31.7;36.77;5.14;10;2.99;56.966;False;False;False
84;21.7;23.44;4.24;10;12.69;41.919;False;False;False
85;31.2;24.01;6.46;6;23.41;77.215;True;False;True
86;31.8;29.52;5.36;3;50.5;81.422;True;True;False
87;21.2;31.52;3.78;5;12.82;38.178;False;False;False
88;18.2;21.34;3.37;11;20.03;71.545;False;True;False
89;29.2;36.13;4.66;8;5.3;53.533;False;True;False
90;23.1;29.53;3.54;4;22.01;42.543;False;False;False
91;35.4;41.97;4.85;7;3.18;64.61;False;True;False
92;33.0;25.22;6.75;7;53.03;77.799;False;False;True
93;33.3;40.58;4.61;7;0.52;59.682;False;False;False
94;17.7;20.54;3.1;9;29.41;69.997;False;True;False
95;32.2;38.11;5.16;4;4.89;59.189;False;False;False
96;27.6;33.67;5.16;12;2.82;57.317;False;False;False
97;29.3;36.56;4.84;6;5.01;56.505;False;False;True
98;25.8;30.19;4.68;5;14.77;42.439;False;False;False
99;29.6;35.29;5.05;7;3.99;62.637;False;False;False
100;18.5;24.93;4.38;6;10.6;43.267;False;False;False
101;26.9;18.79;6.07;7;30.11;80.583;True;True;True
102;29.5;33.62;5.02;6;5.12;60.786;False;True;False
103;28.3;23.73;5.69;5;36.0;79.297;False;True;True
104;30.1;23.06;5.89;4;51.46;78.588;True;False;True
105;22.9;34.85;3.0;6;11.16;40.991;False;False;False
106;31.1;26.67;6.0;7;38.1;80.402;True;True;True
107;27.9;33.06;5.23;8;2.2;66.418;False;True;False
108;24.0;28.48;4.01;7;32.39;38.687;False;False;False
109;30.8;35.16;4.91;5;7.54;61.076;False;False;False
110;23.7;29.24;4.41;7;6.29;40.356;False;False;False
111;21.7;27.69;4.08;9;17.06;39.379;False;False;False
112;32.0;22.38;6.55;4;44.98;81.093;False;True;True
113;29.1;24.11;5.82;4;40.73;80.301;False;False;True
114;18.7;20.0;3.08;7;26.93;73.582;False;False;True
115;16.8;33.04;4.24;3;42.16;49.693;True;True;True
116;8.8;28.26;3.35;4;33.04;44.99;True;True;True
117;29.9;37.9;4.73;8;3.78;61.422;False;False;False
118;23.3;29.56;4.36;3;6.64;41.408;False;False;False
119;16.7;20.42;2.78;10;15.08;65.74;False;False;True
120;19.0;37.76;3.89;2;57.32;43.656;False;True;True
121;30.9;26.04;6.5;6;26.75;85.364;True;False;True
122;26.5;27.85;4.52;5;25.36;38.081;False;False;False
123;26.6;31.71;3.93;5;13.54;39.914;False;False;False
124;32.7;38.45;5.26;8;8.99;62.969;False;False;True
125;32.9;40.54;4.95;6;5.25;54.163;False;False;False
126;28.6;24.55;6.35;4;65.96;78.028;True;True;True
127;30.4;20.24;6.51;7;27.16;80.855;True;True;True
128;23.2;34.09;3.85;7;4.34;39.599;False;False;False
129;26.5;33.51;3.88;6;10.61;41.236;False;False;False
130;29.7;27.07;6.43;7;44.37;80.959;True;True;True
131;18.7;19.56;2.83;4;14.49;64.136;False;False;True
132;25.1;31.15;3.41;5;24.05;36.748;False;False;False
133;26.9;20.58;5.37;7;63.33;75.589;True;True;True
134;27.8;34.01;4.83;11;4.5;57.517;False;True;False
135;33.4;20.97;6.84;4;29.9;80.988;False;True;False
136;23.9;26.76;4.17;4;6.65;40.72;False;False;False
137;22.9;29.03;3.56;3;42.42;40.45;False;False;False
138;27.3;37.09;3.88;6;21.32;43.442;False;False;False
139;17.3;19.64;2.89;11;7.74;72.197;False;False;True
140;32.8;36.39;5.46;9;1.18;60.676;False;False;True
141;31.0;25.26;5.97;6;45.33;81.587;True;False;True
142;21.8;31.62;3.69;4;14.09;37.089;False;False;False
143;30.8;37.71;4.68;10;18.5;60.408;False;False;False
144;31.5;25.6;5.93;5;44.37;76.943;True;True;True
145;26.1;34.26;3.69;8;5.58;42.367;False;False;False
146;27.2;38.96;3.53;8;2.14;48.67;False;True;False
147;33.0;27.32;5.97;4;32.71;80.859;False;True;True
148;29.4;36.76;4.85;8;3.04;60.919;False;True;False
149;31.8;40.75;4.59;7;6.3;56.512;False;False;True
150;23.2;30.64;3.87;4;33.1;37.425;False;False;False
151;18.5;35.31;4.09;4;38.7;53.02;True;True;True
152;17.9;21.38;2.74;13;16.83;76.038;False;True;True
153;35.8;40.47;5.32;5;8.32;67.456;False;False;False
154;30.1;35.67;5.24;9;0.05;60.293;False;False;False
155;24.1;28.31;4.36;5;21.03;37.412;False;False;False
156;22.2;29.12;3.97;3;18.97;38.439;False;False;False
157;28.6;23.23;6.06;6;38.04;76.614;True;True;True
158;25.4;26.92;4.55;4;63.93;39.849;False;False;False
159;19.4;18.71;3.43;12;5.01;65.437;False;False;True
160;31.8;22.92;5.93;4;78.34;80.654;False;False;True
161;29.6;21.94;6.1;4;31.41;78.342;True;False;False
162;29.2;35.49;5.06;8;1.78;62.967;False;False;False
163;28.4;22.14;5.86;5;25.92;83.995;False;False;False
164;34.5;39.43;5.45;4;1.33;59.24;False;False;False
165;22.4;25.91;4.17;6;1.0;43.602;False;False;False
166;18.9;21.28;2.94;7;33.64;65.537;False;False;False
167;23.8;31.76;4.14;3;5.87;41.65;False;False;False
168;24.1;28.29;3.9;3;12.41;37.299;False;False;False
169;22.0;31.95;4.04;8;9.56;41.612;False;False;False
170;24.0;30.97;3.55;5;11.05;41.741;False;False;False
171;23.2;29.66;3.81;1;26.18;40.66;False;False;False
172;17.6;35.17;3.52;4;38.58;56.511;True;True;True
173;25.9;29.13;4.03;4;36.54;41.027;False;False;False
174;22.3;33.14;2.97;5;25.66;40.407;False;False;False
175;25.1;20.57;5.52;7;48.08;80.771;True;True;True
176;17.3;20.43;2.86;10;25.06;66.937;False;False;True
177;33.0;40.49;4.62;8;1.75;56.853;False;False;True
178;19.6;36.18;4.16;3;61.42;47.451;True;False;True
179;23.9;33.03;3.75;6;23.93;38.312;False;False;False
180;26.2;31.33;4.4;6;6.69;37.828;False;False;False
181;29.2;20.62;6.53;7;34.28;80.206;True;True;False
182;17.9;20.38;2.99;11;13.29;74.488;False;False;False
183;33.4;41.56;4.86;9;7.62;58.331;False;False;False
184;30.3;22.08;6.7;7;33.66;81.096;False;False;True
185;29.7;20.37;5.89;5;41.06;80.64;True;True;True
186;19.1;17.55;3.1;9;11.17;68.174;False;False;False
187;29.7;23.97;6.59;6;43.41;80.133;False;True;True
188;32.7;29.27;5.96;4;55.77;80.357;False;False;True
189;22.7;27.69;4.07;3;2.6;37.344;False;False;False
190;27.9;25.6;5.21;8;60.97;80.601;True;True;True
191;22.0;24.59;4.05;7;27.31;40.784;False;False;False
192;26.2;30.71;4.56;3;9.28;37.999;False;False;False
193;25.5;34.29;4.35;6;10.08;42.053;False;False;False
194;31.7;26.52;5.81;5;48.15;81.4;True;False;True
195;17.2;20.33;2.88;11;17.0;72.657;False;False;False
196;28.9;25.45;6.03;5;30.13;80.873;True;True;True
197;29.6;26.71;5.74;3;23.79;78.451;False;False;True
198;24.6;29.65;3.64;10;13.08;40.454;False;False;False
199;25.1;32.85;4.13;8;11.92;39.276;False;False;False
200;20.3;24.87;3.94;4;20.89;37.378;False;False;False
201;16.9;17.0;3.07;8;33.79;69.023;False;False;True
202;32.2;38.6;4.7;7;1.91;68.457;False;False;False
203;23.8;25.82;5.73;7;1.08;57.583;False;False;False
204;19.5;38.05;3.83;5;44.47;46.439;True;True;True
205;29.8;33.83;5.16;6;4.39;60.972;False;False;False
206;21.2;30.01;3.77;5;10.16;40.85;False;False;False
207;28.3;23.2;5.07;5;24.07;75.394;True;True;True
208;30.0;39.04;4.15;5;7.35;59.376;False;False;False
209;30.4;25.46;5.99;4;46.7;81.828;False;True;False
210;21.6;30.71;3.85;6;16.0;39.595;False;False;False
211;17.2;20.44;3.0;12;35.71;69.323;False;True;False
212;20.1;26.11;4.18;5;25.03;40.272;False;False;False
213;28.8;20.55;6.12;5;22.82;80.594;True;False;True
214;26.0;29.79;4.24;4;6.59;42.249;False;False;False
215;24.9;31.58;4.68;11;11.15;55.934;False;False;False
216;28.3;20.16;5.88;5;53.51;79.898;False;True;True
217;27.4;33.43;4.95;10;18.84;62.474;False;True;False
218;19.2;18.04;2.97;7;11.0;67.869;False;False;False
219;28.2;25.97;5.41;3;17.29;77.998;False;True;False
220;27.6;34.84;4.94;7;7.45;55.009;False;True;True
221;18.1;18.67;3.32;9;25.92;72.994;False;True;False
222;27.7;38.28;4.13;7;5.52;63.487;False;False;False
223;27.4;25.45;5.84;5;93.12;78.652;True;True;True
224;36.6;44.33;4.66;11;0.96;64.161;False;False;False
225;27.5;31.96;5.15;7;3.28;55.741;False;False;False
226;21.1;26.3;4.13;7;37.58;41.205;False;False;False
227;31.7;38.23;5.09;7;6.42;62.008;False;False;True
228;28.8;38.49;4.15;6;17.46;61.295;False;False;False
229;26.3;33.66;3.0;6;10.66;42.728;False;False;False
230;31.7;24.05;6.08;4;53.75;78.008;False;False;True
231;32.3;40.23;4.8;8;16.92;62.031;False;False;False
232;28.9;28.25;5.84;4;41.47;80.923;True;False;True
233;30.8;25.58;5.96;6;37.29;81.09;False;True;True
234;18.5;40.17;3.38;4;37.07;47.037;True;True;True
235;17.8;37.78;4.91;4;19.44;47.561;True;True;True
236;21.8;32.46;3.42;5;13.85;36.862;False;False;False
237;30.9;21.71;6.33;5;33.06;82.552;False;True;False
238;25.5;30.32;4.46;6;27.85;41.216;False;False;False
239;23.5;31.55;3.55;8;32.76;43.112;False;False;False
240;18.1;20.37;3.02;12;29.72;72.548;False;False;False
241;28.1;24.24;5.51;6;50.86;78.643;True;True;True
242;31.8;39.32;4.84;9;2.05;50.494;False;False;False
243;27.3;31.2;5.14;6;0.54;61.185;False;True;False
244;30.4;39.48;3.86;7;3.58;59.814;False;True;False
245;17.7;18.24;3.32;11;17.4;64.947;False;False;False
246;29.1;38.28;4.46;8;6.07;46.481;False;False;True
247;21.5;28.22;4.34;3;8.68;38.068;False;False;False
248;23.9;29.79;3.79;5;42.93;37.265;False;False;False
249;19.4;22.1;3.21;13;17.17;70.771;False;True;False
250;31.6;38.94;4.85;9;8.53;58.031;False;False;False
251;29.8;20.09;6.14;7;41.63;78.869;True;True;True
252;25.1;28.78;3.8;4;15.72;44.073;False;False;False
253;22.5;30.81;3.45;5;30.86;41.558;False;False;False
254;33.8;26.93;6.25;10;23.82;80.209;True;True;True
255;28.9;22.33;6.21;4;47.16;78.207;False;True;True
256;29.6;24.89;6.36;3;29.67;79.633;True;True;True
257;27.3;33.2;3.59;6;29.59;37.814;False;False;False
258;27.7;22.22;5.8;2;36.26;77.073;True;True;True
259;26.3;35.07;4.24;7;19.5;52.663;False;True;True
260;34.1;31.52;5.98;6;31.94;80.278;True;True;True
261;24.7;34.08;3.84;6;10.81;40.546;False;False;False
262;18.3;20.49;2.9;6;25.8;63.221;False;False;True
263;18.3;20.13;3.13;12;24.34;67.771;False;False;False
264;21.0;29.91;3.83;5;47.67;37.876;False;False;False
265;27.8;33.99;4.91;5;7.37;62.878;False;True;False
266;21.6;28.74;4.06;7;22.55;37.477;False;False;False
267;19.2;22.52;2.9;5;18.85;68.443;False;False;False
268;18.2;21.18;2.85;13;18.98;80.362;False;False;False
269;26.1;30.63;5.08;7;6.12;59.863;False;True;False
270;31.1;27.14;6.17;6;66.36;75.811;True;True;True
271;25.4;29.67;3.66;6;9.38;37.81;False;False;False
272;31.4;24.05;5.97;5;36.33;79.227;True;True;True
273;24.7;28.68;3.71;4;3.68;38.819;False;False;False
274;23.4;29.24;4.01;7;7.6;43.359;False;False;False
275;13.8;35.16;3.44;2;41.07;50.115;False;True;True
276;27.4;36.41;4.15;9;5.89;56.469;False;False;False
277;29.7;35.17;5.06;9;0.07;60.27;False;False;False
278;33.7;27.02;5.69;3;42.34;80.611;False;True;True
279;18.1;19.25;3.21;10;27.52;67.807;False;True;False
280;26.9;31.23;5.36;6;10.01;66.307;False;False;False
281;26.3;32.13;4.02;6;3.53;45.136;False;False;False
282;28.1;24.43;5.87;6;49.07;82.044;True;True;True
283;24.0;30.78;4.18;6;33.72;41.66;False;False;False
284;30.4;36.72;5.06;8;11.38;58.345;False;True;False
285;24.1;30.51;3.72;4;4.71;40.095;False;False;False
286;24.2;29.76;4.96;9;12.92;61.26;False;True;False
287;32.9;40.64;4.42;6;0.95;55.938;False;False;False
288;15.0;33.24;3.54;5;69.14;53.752;True;True;True
289;27.6;23.72;5.17;5;33.42;77.783;True;True;True
290;21.2;27.7;3.3;5;4.85;38.671;False;False;False
291;24.0;29.14;4.32;8;47.29;42.831;False;False;False
292;18.0;20.3;3.04;9;17.38;68.844;False;False;True
293;24.4;29.07;4.27;9;23.68;42.514;False;False;False
294;29.7;27.15;5.72;5;46.52;81.324;True;True;True
295;20.2;41.39;3.48;5;62.43;47.918;True;True;True
296;32.5;39.32;4.74;6;3.91;65.177;False;False;False
297;30.4;35.76;5.16;11;7.81;61.676;False;False;True
298;19.3;25.83;3.34;8;34.37;39.496;False;False;False
299;31.7;27.71;6.72;11;31.76;80.285;True;False;True
300;25.9;31.7;3.78;5;11.07;39.329;False;False;False
301;30.2;22.94;5.51;5;68.48;78.278;False;True;True
302;21.8;30.32;4.19;8;14.79;38.389;False;False;False
303;17.9;21.75;2.9;13;17.49;71.56;False;False;False
304;32.5;36.68;5.74;3;4.24;58.801;False;True;False
305;29.6;37.02;4.5;9;1.29;68.36;False;True;False
306;32.6;23.13;6.07;6;59.12;81.597;True;False;True
307;16.1;34.56;3.35;4;27.43;48.501;False;True;True
308;29.5;22.14;5.78;3;56.72;82.602;True;True;True
309;18.1;19.47;3.3;10;17.92;63.076;False;False;True
310;32.0;25.43;6.08;3;83.2;75.509;True;False;False
311;21.3;27.01;4.28;6;16.51;36.855;False;False;False
312;30.9;38.01;4.93;8;16.27;57.338;False;False;False
313;28.2;34.27;4.5;8;12.08;57.173;False;False;False
314;23.7;30.49;3.97;7;25.45;41.058;False;False;False
315;27.0;33.5;4.69;9;3.25;56.406;False;False;True
316;23.6;31.04;3.96;6;29.29;39.572;False;False;False
317;24.6;30.14;4.03;7;7.32;38.387;False;False;False
318;29.6;21.73;5.81;8;26.78;79.021;True;False;True
319;17.5;37.97;3.69;6;15.73;47.552;True;True;True
320;32.2;37.78;5.0;4;0.27;56.929;False;False;False
321;25.4;32.53;3.76;8;2.05;39.644;False;False;False
322;22.8;28.32;3.7;2;35.48;39.225;False;False;False
323;19.1;37.84;3.71;1;63.37;57.968;True;True;True
324;20.1;29.92;3.25;5;13.69;40.268;False;False;False
325;27.7;33.61;3.93;6;28.19;40.64;False;False;False
326;22.2;29.44;3.68;6;40.12;39.44;False;False;False
327;31.3;37.38;4.85;9;1.84;61.89;False;False;False
328;18.5;21.19;3.12;7;23.27;66.996;False;False;False
329;24.5;29.98;4.0;7;3.39;38.078;False;False;False
330;14.5;31.31;3.82;4;31.82;46.76;True;True;True
331;20.6;38.59;4.02;7;35.69;55.933;True;True;True
332;32.9;37.83;5.37;6;6.2;61.202;False;False;True
333;27.5;21.12;5.91;4;51.81;82.534;False;False;False
334;17.9;18.31;3.13;12;11.13;73.982;False;True;False
335;29.8;23.1;6.13;5;47.7;81.454;True;False;True
336;31.6;20.31;6.87;5;34.31;83.67;True;False;True
337;17.9;20.66;2.93;7;9.91;69.701;False;False;True
338;26.5;21.2;5.68;10;45.36;80.427;False;True;True
339;22.0;32.63;3.3;4;5.15;40.057;False;False;False
340;29.7;38.81;4.06;7;2.17;60.675;False;False;True
341;17.5;17.71;3.22;9;12.82;75.309;False;False;False
342;24.0;29.97;4.53;7;13.71;56.495;False;False;False
343;30.1;35.04;5.2;8;27.44;66.532;False;False;False
344;27.1;34.62;4.63;7;3.61;61.209;False;False;False
345;33.8;37.7;5.84;10;6.88;54.292;False;False;True
346;29.3;24.02;5.67;5;33.1;77.679;False;False;False
347;31.0;23.42;6.03;6;32.35;80.985;False;False;True
348;18.8;20.62;3.15;13;12.07;72.114;False;False;False
349;16.8;17.49;3.14;8;9.49;72.338;False;False;False
350;24.0;30.85;3.95;7;20.91;40.599;False;False;False
351;24.2;31.73;3.99;4;59.81;40.213;False;False;False
352;21.1;31.07;3.43;9;10.41;37.691;False;False;False
353;24.1;31.33;4.07;7;12.92;40.594;False;False;False
354;24.9;29.78;4.04;7;9.64;41.989;False;False;False
355;30.4;35.24;5.32;7;0.4;63.151;False;True;True
356;23.1;29.84;4.1;6;32.21;41.789;False;False;False
357;28.9;36.78;4.32;8;3.03;61.26;False;False;True
358;20.2;42.32;3.66;8;48.63;50.557;True;True;True
359;21.7;28.11;3.94;3;22.58;41.99;False;False;False
360;24.8;31.56;4.66;10;27.98;41.924;False;False;False
361;23.5;28.03;4.26;8;24.0;41.579;False;False;False
362;26.8;33.95;4.57;11;3.72;56.414;False;False;False
363;29.8;24.91;5.85;3;23.95;81.084;False;True;True
364;27.1;35.54;4.49;7;5.43;67.892;False;False;False
365;27.7;30.87;4.29;4;17.17;41.142;False;False;False
366;23.2;35.52;3.53;8;10.29;55.781;False;False;False
367;24.4;31.89;3.62;6;24.73;37.27;False;False;False
368;18.3;22.02;3.01;8;7.87;70.163;False;False;True
369;24.3;26.87;4.0;7;16.79;39.567;False;False;False
370;30.8;36.24;5.21;8;5.9;53.55;False;False;True
371;27.7;30.59;4.31;2;8.15;40.805;False;False;False
372;20.8;29.91;4.43;5;23.41;39.87;False;False;False
373;22.2;25.42;3.83;3;46.45;40.613;False;False;False
374;24.8;34.9;3.25;9;7.46;41.638;False;False;False
375;25.5;33.54;4.02;6;10.05;41.007;False;False;False
376;25.9;31.81;4.03;6;8.98;38.477;False;False;False
377;31.5;23.2;6.4;6;27.56;83.464;False;True;True
378;31.5;25.31;6.07;4;29.61;82.284;True;True;True
379;23.8;33.91;3.97;7;7.81;42.252;False;False;False
380;19.0;19.17;3.11;10;18.7;68.106;False;True;False
381;24.0;29.95;4.34;6;12.26;42.677;False;False;False
382;29.6;25.41;5.97;2;52.31;83.305;False;False;True
383;28.1;20.88;5.68;3;31.08;81.231;True;False;False
384;20.1;37.33;4.49;2;42.14;43.181;True;True;True
385;16.2;19.94;2.5;12;16.71;72.477;False;False;False
386;30.2;22.98;6.84;3;63.81;82.723;False;True;True
387;31.5;27.91;6.0;4;45.55;81.958;True;False;True
388;32.2;37.82;5.09;5;0.3;64.828;False;False;False
389;29.4;23.87;6.16;2;34.88;82.883;False;False;True
390;31.0;24.97;6.14;6;31.96;79.706;True;False;True
391;30.5;38.51;4.81;8;5.97;55.97;False;True;False
392;19.3;21.27;2.75;7;18.42;74.581;False;True;False
393;17.7;18.81;3.03;10;30.66;71.56;False;True;False
394;32.1;37.12;5.62;7;4.35;60.038;False;False;False
395;22.9;30.32;4.12;6;6.4;41.095;False;False;False
396;20.4;27.34;3.18;8;8.51;41.367;False;False;False
397;28.6;23.65;5.28;7;29.49;80.02;True;True;False
398;17.0;18.47;3.32;9;26.43;70.287;False;False;False
399;18.0;22.91;2.72;8;9.97;67.94;False;False;False
400;33.7;38.74;5.23;8;2.43;63.339;False;False;False
401;30.8;37.79;4.62;5;3.43;60.259;False;False;False
402;20.3;21.04;4.55;6;26.61;40.445;False;False;False
403;24.9;33.62;4.43;6;3.53;65.721;False;False;False
404;33.6;41.12;4.73;6;0.49;68.209;False;True;False
405;33.2;39.08;5.17;8;0.69;59.962;False;False;True
406;28.4;19.81;6.01;3;65.71;82.663;False;False;True
407;16.8;20.41;2.85;9;10.2;64.388;False;False;True
408;29.5;38.82;4.05;8;5.02;61.491;False;True;False
409;29.3;36.39;4.98;9;18.25;65.814;False;False;False
410;30.7;37.52;4.81;9;6.41;69.11;False;True;False
411;15.8;33.92;4.17;5;35.01;56.031;False;True;True
412;24.7;25.37;4.19;4;9.37;40.282;False;False;False
413;31.2;37.85;4.62;8;6.66;63.38;False;False;False
414;23.6;32.03;4.01;3;17.39;38.178;False;False;False
415;28.5;24.21;5.94;6;31.84;80.138;False;True;True
416;20.4;28.47;4.11;6;3.29;40.295;False;False;False
417;22.5;37.48;4.0;3;37.88;53.934;False;True;True
418;30.1;22.62;5.22;6;35.69;81.239;True;True;False
419;29.4;34.3;5.28;7;6.68;55.448;False;False;True
420;19.4;22.05;3.08;10;25.93;77.916;False;True;False
421;31.9;21.34;7.38;8;31.96;81.851;True;False;True
422;19.7;21.54;3.39;11;11.91;72.459;False;False;False
423;17.8;19.76;3.16;12;24.91;64.859;False;False;False
424;21.7;25.23;4.06;3;39.57;39.72;False;False;False
425;31.2;35.41;5.39;5;0.08;63.654;False;True;False
426;21.4;28.76;3.49;4;16.93;40.958;False;False;False
427;31.6;38.44;4.76;7;2.38;59.988;False;False;False
428;34.2;43.48;4.47;9;4.88;60.712;False;False;False
429;15.7;20.22;2.55;11;8.57;59.298;False;False;True
430;28.3;34.39;4.83;9;4.08;59.854;False;False;False
431;28.4;34.03;4.86;7;11.35;61.39;False;True;False
432;25.2;31.44;4.62;8;4.79;59.359;False;True;False
433;22.3;25.87;4.17;6;23.57;40.646;False;False;False
434;24.0;30.27;3.69;6;45.47;41.954;False;False;False
435;36.4;40.8;5.21;12;12.33;66.114;False;True;True
436;23.5;24.95;4.21;1;29.68;39.172;False;False;False
437;32.0;35.83;5.22;9;6.54;60.85;False;False;True
438;27.2;32.78;4.58;5;26.47;65.398;False;True;True
439;22.5;33.91;4.25;7;16.76;37.67;False;False;False
440;25.5;32.2;3.98;7;3.95;40.305;False;False;False
441;30.4;36.66;4.88;11;11.96;68.932;False;False;False
442;29.9;26.47;6.22;6;44.04;83.117;True;True;False
443;28.0;33.34;4.98;10;4.45;64.5;False;True;True
444;31.8;24.46;5.76;8;57.93;77.904;True;True;True
445;23.1;28.6;4.28;6;12.54;39.712;False;False;False
446;17.5;22.69;3.01;10;18.39;69.34;False;False;False
447;32.2;39.6;4.75;8;1.34;58.586;False;True;False
448;27.9;34.83;4.95;9;5.64;64.989;False;False;False
449;17.7;20.72;3.11;10;22.77;72.823;False;True;True
450;29.2;23.05;5.85;3;43.0;80.69;True;True;True
451;26.3;26.15;4.81;4;11.95;36.526;False;False;False
452;33.5;23.55;6.4;5;32.96;81.826;True;True;True
453;30.6;22.83;5.9;5;17.48;75.707;False;True;True
454;24.4;29.13;3.76;6;85.69;36.297;False;False;False
455;27.9;23.34;5.9;3;44.99;77.51;True;True;True
456;24.9;29.4;5.22;6;6.44;59.322;False;False;True
457;17.3;35.47;3.7;5;25.98;46.935;True;False;True
458;24.1;29.94;3.75;2;41.32;43.87;False;False;False
459;26.6;31.8;5.24;7;17.99;68.262;False;False;False
460;30.3;26.1;6.23;8;53.97;80.006;True;True;True
461;29.9;35.65;5.1;3;3.3;61.2;False;False;False
462;25.4;32.32;4.38;5;10.44;36.641;False;False;False
463;26.2;27.64;4.66;8;11.19;37.112;False;False;False
464;16.6;33.57;3.8;3;58.75;49.725;True;True;True
465;21.8;39.76;3.95;1;38.91;47.836;True;False;True
466;18.1;21.14;3.07;11;12.82;65.593;False;True;True
467;23.7;26.86;3.8;6;29.01;39.825;False;False;False
468;28.3;20.42;6.46;5;33.85;80.199;False;True;True
469;27.0;31.14;4.28;8;11.69;38.844;False;False;False
470;19.5;38.35;4.1;3;24.56;50.52;True;True;True
471;28.8;33.28;5.31;4;20.99;60.251;False;False;False
472;31.6;36.84;5.48;8;1.62;63.946;False;False;True
473;17.3;17.52;3.53;8;43.12;68.918;False;True;False
474;17.7;18.59;2.76;9;29.23;70.144;False;False;False
475;31.1;33.42;5.95;2;7.06;57.19;False;False;True
476;17.1;20.18;2.92;13;20.51;72.426;False;True;False
477;24.0;33.61;3.59;3;9.15;40.232;False;False;False
478;22.3;26.32;3.94;3;10.09;39.579;False;False;False
479;29.6;19.86;6.21;5;79.63;83.365;False;True;True
480;28.2;31.22;5.47;9;0.96;58.013;False;True;False
481;27.3;32.89;3.99;5;20.2;44.697;False;False;False
482;27.7;22.88;5.94;5;34.33;79.406;True;True;True
483;20.9;37.73;4.61;5;57.31;50.515;True;True;True
484;28.9;34.24;5.3;7;0.47;66.521;False;True;False
485;17.2;18.99;3.17;10;18.45;74.036;False;False;False
486;26.4;34.49;3.26;7;11.55;41.27;False;False;False
487;30.6;28.53;6.03;5;53.04;80.561;True;False;True
488;23.8;33.17;4.29;7;31.5;38.017;False;False;False
489;33.2;28.99;5.97;5;44.78;79.542;True;False;False
490;34.4;28.8;6.49;4;21.17;81.727;True;False;True
491;26.2;28.02;4.72;5;45.13;38.054;False;False;False
492;30.2;24.06;6.34;6;42.83;83.227;True;True;True
493;23.6;28.42;4.05;7;11.16;38.297;False;False;False
494;25.2;27.97;4.65;5;38.38;42.274;False;False;False
495;31.1;22.63;6.51;8;35.93;78.288;True;True;True
496;27.1;24.54;5.73;8;35.48;81.039;True;True;True
497;23.5;27.45;3.74;9;34.79;38.353;False;False;False
498;20.0;37.26;3.85;5;50.38;54.176;True;False;True
499;29.4;34.59;5.24;9;0.61;58.312;False;False;False
500;14.8;34.8;3.55;5;52.99;45.629;True;True;True
501;23.0;29.54;3.92;7;3.71;40.691;False;False;False
502;22.9;28.41;3.82;8;4.61;39.618;False;False;False
503;28.3;21.66;6.06;6;58.71;80.164;True;True;True
504;23.8;29.18;3.86;8;3.35;37.82;False;False;False
505;23.7;28.7;3.91;9;14.43;37.78;False;False;False
506;30.3;24.93;5.61;7;72.23;79.732;False;True;True
507;24.2;29.44;4.13;7;20.36;43.103;False;False;False
508;29.0;26.38;5.21;4;58.57;79.849;True;False;True
509;33.1;27.63;6.24;4;30.49;79.065;True;True;False
510;29.5;19.33;6.35;7;40.8;75.783;True;True;False
511;28.7;24.25;6.15;6;32.9;79.543;False;True;True
512;26.7;34.02;4.77;9;10.76;60.619;False;False;False
513;22.1;30.66;4.43;4;9.11;40.338;False;False;False
514;16.9;19.47;2.73;11;15.53;67.643;False;False;True
515;27.1;33.29;3.79;8;35.69;42.898;False;False;False
516;31.3;38.99;4.87;6;1.38;60.211;False;False;False
517;25.7;33.96;3.95;10;15.72;42.825;False;False;False
518;20.1;24.06;2.94;11;16.56;68.922;False;False;False
519;29.3;22.67;6.22;4;34.53;75.508;True;False;True
520;20.2;28.29;4.13;7;9.92;40.068;False;False;False
521;21.9;27.12;4.52;6;11.28;41.248;False;False;False
522;19.3;19.81;3.01;12;38.25;72.794;False;False;True
523;24.1;30.23;4.34;8;34.98;35.188;False;False;False
524;16.3;17.18;3.29;10;6.84;79.336;False;True;True
525;32.3;40.7;4.66;7;19.61;51.073;False;False;True
526;16.4;20.11;2.58;7;9.6;68.578;False;False;False
527;32.3;27.33;6.69;8;31.15;76.096;True;False;True
528;24.1;31.07;4.22;8;20.44;41.079;False;False;False
529;27.0;31.72;4.36;6;10.04;43.224;False;False;False
530;34.1;41.18;5.03;5;6.17;57.444;False;False;False
531;29.6;35.72;4.94;6;13.75;58.625;False;False;False
532;29.1;25.15;4.91;5;67.86;78.391;False;True;False
533;29.8;30.5;6.5;9;1.48;63.951;False;True;False
534;26.8;33.98;4.47;3;13.52;59.071;False;False;False
535;30.4;37.03;4.93;8;0.91;66.076;False;True;False
536;24.1;31.23;3.76;6;17.23;37.098;False;False;False
537;24.9;30.06;3.66;8;16.36;43.688;False;False;False
538;31.6;37.73;4.91;3;3.82;56.436;False;True;False
539;18.1;19.75;3.19;11;10.61;67.273;False;False;False
540;28.2;32.14;4.0;9;3.2;38.986;False;False;False
541;30.2;38.72;4.44;9;4.16;45.583;False;False;False
542;30.6;35.3;5.14;8;6.29;67.855;False;False;False
543;26.2;30.03;4.21;10;43.88;41.526;False;False;False
544;19.7;28.56;3.55;8;23.48;38.594;False;False;False
545;31.8;35.35;5.19;2;9.97;58.398;False;False;False
546;20.0;24.51;4.12;3;9.2;40.77;False;False;False
547;23.6;31.77;4.19;3;3.09;61.846;False;False;False
548;27.1;34.85;4.47;9;13.77;53.143;False;False;True
549;25.0;31.37;3.65;5;9.53;39.823;False;False;False
550;24.2;32.18;3.89;8;8.43;42.473;False;False;False
551;33.2;39.68;4.82;6;1.23;58.715;False;True;False
552;24.9;31.47;4.88;7;58.23;60.02;False;True;False
553;32.6;37.78;5.66;11;5.94;57.387;False;True;False
554;16.5;18.6;2.83;8;31.9;73.022;False;False;False
555;15.8;35.49;4.0;5;56.76;56.013;True;True;True
556;23.2;30.36;3.61;7;18.04;41.992;False;False;False
557;17.2;20.85;2.92;7;29.06;71.424;False;False;False
558;31.4;34.45;5.75;4;22.53;62.717;False;False;False
559;24.6;31.48;3.93;7;53.36;40.644;False;False;False
560;18.3;37.06;4.01;6;61.83;48.995;True;True;True
561;23.0;28.55;2.9;7;13.86;40.403;False;False;False
562;25.7;32.88;3.77;6;19.18;39.191;False;False;False
563;22.4;28.0;4.08;6;34.15;40.485;False;False;False
564;25.2;27.85;3.92;5;16.68;39.427;False;False;False
565;30.1;38.2;4.53;7;13.1;58.329;False;False;False
566;16.9;19.74;2.69;5;17.53;75.878;False;False;False
567;31.6;35.61;5.4;10;14.82;59.368;False;False;True
568;30.1;21.34;5.93;5;29.93;81.302;True;True;True
569;26.0;29.88;3.64;8;33.02;38.223;False;False;False
570;28.2;37.61;4.06;8;6.22;56.171;False;True;True
571;28.5;32.74;5.06;8;0.34;59.144;False;False;False
572;28.9;23.08;6.54;7;23.57;78.216;False;True;True
573;30.2;33.87;5.5;4;3.95;60.134;False;False;False
574;21.8;28.99;4.15;3;21.3;40.795;False;False;False
575;18.8;35.72;4.07;5;24.3;49.484;True;True;True
576;29.7;24.01;5.9;8;52.55;80.666;True;True;True
577;23.1;30.23;4.34;4;20.56;40.645;False;False;False
578;18.2;21.47;3.22;7;13.47;67.92;False;False;False
579;29.3;36.83;5.0;11;1.02;68.17;False;False;False
580;32.7;39.15;4.96;5;8.71;58.029;False;False;True
581;31.0;24.43;6.66;9;30.45;78.401;True;True;True
582;23.4;32.69;3.45;6;7.08;40.274;False;False;False
583;27.7;23.12;5.71;5;46.42;75.474;True;True;True
584;27.6;33.69;5.14;8;10.35;63.63;False;True;False
585;21.8;26.73;4.07;7;7.86;42.03;False;False;False
586;30.8;25.27;5.53;6;43.64;79.739;True;True;True
587;27.5;33.41;4.01;5;82.82;42.144;False;False;False
588;36.0;26.42;6.26;3;55.99;79.234;True;False;True
589;17.0;19.5;2.72;8;21.28;63.791;False;False;True
590;23.4;30.78;4.94;6;1.46;37.008;False;False;False
591;28.6;23.88;5.99;3;38.81;75.903;True;False;True
592;23.2;31.22;3.79;4;24.47;38.696;False;False;False
593;32.5;21.61;6.04;6;31.86;78.317;False;True;True
594;23.9;27.55;4.2;5;24.8;38.565;False;False;False
595;23.8;31.44;4.11;8;22.26;41.412;False;False;False
596;31.1;21.97;6.84;5;54.47;79.526;True;True;True
597;30.5;37.14;4.7;6;4.75;57.044;False;True;False
598;29.5;38.0;4.06;6;3.01;61.934;False;True;False
599;26.0;30.26;4.46;8;18.02;38.277;False;False;False
600;17.4;33.99;4.09;0;29.97;50.974;False;True;True
601;19.6;35.56;4.1;3;41.74;49.707;True;True;True
602;24.6;28.49;4.27;3;52.45;39.314;False;False;False
603;18.3;22.41;2.82;7;16.82;68.33;False;False;False
604;30.4;22.52;6.46;4;64.81;83.482;False;True;True
605;19.3;19.44;3.02;9;31.66;73.102;False;False;False
606;22.6;29.97;3.98;8;34.5;41.632;False;False;False
607;30.3;19.8;6.61;6;30.51;83.278;False;False;False
608;25.9;29.82;5.52;8;11.75;65.377;False;True;True
609;17.6;17.99;3.24;9;24.74;73.399;False;False;True
610;26.4;33.37;4.02;8;29.65;41.532;False;False;False
611;26.7;33.86;4.74;6;9.35;54.939;False;False;False
612;23.1;32.24;3.23;4;24.94;38.934;False;False;False
613;20.7;18.98;3.43;11;13.39;72.381;False;False;True
614;17.1;18.63;2.75;5;31.58;68.341;False;True;False
615;17.5;20.36;2.99;11;18.65;70.442;False;False;True
616;29.5;35.77;4.83;5;39.82;57.533;False;False;True
617;29.8;21.54;7.0;8;46.89;77.757;False;True;True
618;19.1;21.28;2.98;10;17.45;59.467;False;True;False
619;19.3;20.12;3.3;10;17.16;63.289;False;False;False
620;31.3;38.27;4.85;9;6.8;69.655;False;False;False
621;30.6;38.46;4.53;6;4.46;63.154;False;False;False
622;27.5;31.78;5.62;5;0.06;61.385;False;False;False
623;22.6;29.74;3.4;9;17.66;40.442;False;False;False
624;17.8;21.93;3.02;6;22.2;73.719;False;False;False
625;29.8;22.48;5.91;5;44.74;79.831;True;True;True
626;27.1;30.55;5.12;5;11.68;39.917;False;False;False
627;25.0;31.89;3.58;6;12.81;40.029;False;False;False
628;32.8;38.96;4.59;10;3.37;62.608;False;False;False
629;30.5;36.72;5.13;10;12.7;64.913;False;False;False
630;19.2;40.16;3.05;3;55.84;49.759;False;True;True
631;27.4;21.23;5.94;4;41.4;77.617;False;True;True
632;22.7;37.11;4.46;7;51.42;42.491;True;True;True
633;30.4;27.69;5.29;5;55.63;80.345;True;True;True
634;31.8;28.06;5.91;5;49.07;79.563;False;False;True
635;29.7;21.45;5.59;4;22.8;79.29;True;True;True
636;27.5;28.98;4.43;8;16.96;37.856;False;False;False
637;28.6;21.82;6.51;5;33.05;78.748;True;False;True
638;19.2;18.45;3.24;8;28.32;60.965;False;False;True
639;30.3;23.77;6.15;4;60.17;79.226;False;True;True
640;32.7;40.08;4.88;8;13.77;60.475;False;False;False
641;30.9;22.99;6.21;6;41.22;79.774;True;True;True
642;28.7;23.63;5.87;10;46.77;79.05;True;True;True
643;28.7;35.56;4.96;6;5.99;59.492;False;False;False
644;20.6;25.74;3.72;6;14.62;41.763;False;False;False
645;31.3;36.62;5.17;8;0.27;56.662;False;True;False
646;16.3;18.42;3.17;8;19.41;74.064;False;True;True
647;18.5;18.06;2.93;11;11.41;66.384;False;True;True
648;22.7;30.64;3.71;4;53.73;37.676;False;False;False
649;32.7;37.07;5.08;9;15.77;55.657;False;False;False
650;19.2;22.16;2.77;14;19.16;72.891;False;True;False
651;17.8;17.61;2.78;8;34.12;75.591;False;False;True
652;22.6;30.67;3.24;4;12.94;43.636;False;False;False
653;30.3;35.27;5.27;10;4.57;59.074;False;True;False
654;28.7;23.58;5.78;4;36.28;79.268;True;True;True
655;23.9;31.41;3.71;6;14.91;43.443;False;False;False
656;17.6;20.64;3.06;4;19.65;62.364;False;False;False
657;31.8;37.1;5.38;6;3.97;60.229;False;False;True
658;20.9;24.41;3.94;5;8.84;39.628;False;False;False
659;27.3;21.87;5.47;7;43.62;81.029;True;True;True
660;28.7;31.57;4.3;5;14.54;40.809;False;False;False
661;21.4;24.17;4.31;7;23.98;39.781;False;False;False
662;33.7;41.01;4.77;8;4.65;66.364;False;True;False
663;32.0;28.43;5.29;6;41.57;82.447;True;True;False
664;30.6;25.39;5.47;4;23.26;80.441;True;True;True
665;30.2;34.49;5.53;10;2.12;67.308;False;False;False
666;28.7;21.22;6.01;7;31.86;80.078;False;True;True
667;15.6;31.05;4.34;5;26.62;46.143;True;True;True
668;30.2;23.16;5.7;4;36.48;80.404;False;True;True
669;24.1;31.4;3.65;5;42.32;39.89;False;False;False
670;20.1;21.41;2.98;13;16.89;77.063;False;False;False
671;17.9;20.54;2.8;10;26.71;69.792;False;True;True
672;26.0;33.63;4.16;7;2.75;38.666;False;False;False
673;26.2;24.35;5.43;4;55.74;76.755;True;True;True
674;23.5;27.75;3.87;5;19.67;41.395;False;False;False
675;25.5;29.72;4.12;5;28.38;43.444;False;False;False
676;21.8;27.91;3.73;2;5.98;41.265;False;False;False
677;30.4;37.55;5.07;7;16.64;55.83;False;False;False
678;19.9;19.53;3.05;8;17.15;74.178;False;False;False
679;25.9;31.01;4.58;6;18.35;41.446;False;False;False
680;29.8;24.9;6.11;7;50.51;78.87;True;True;False
681;31.3;26.08;6.16;5;46.34;76.854;True;True;False
682;30.9;24.59;6.18;2;39.54;78.958;False;True;True
683;18.1;21.28;2.84;10;25.96;69.859;False;False;False
684;30.7;35.51;5.05;7;12.31;60.983;False;True;False
685;15.8;38.38;3.32;4;28.37;48.229;True;True;True
686;31.6;25.21;6.14;7;37.36;80.104;False;True;True
687;30.9;37.43;5.29;6;0.84;65.864;False;False;False
688;23.7;31.36;3.68;6;4.33;45.081;False;False;False
689;24.5;29.87;3.98;6;8.98;39.852;False;False;False
690;24.2;28.62;3.42;5;49.49;41.561;False;False;False
691;27.1;33.17;4.96;6;7.75;65.994;False;False;False
692;30.6;24.63;6.06;4;35.71;79.452;True;True;True
693;18.7;19.13;3.03;8;27.85;77.684;False;False;True
694;16.9;20.6;3.09;5;28.39;82.118;False;True;True
695;23.5;29.67;4.1;4;11.1;40.157;False;False;False
696;24.0;29.44;4.0;6;3.79;39.234;False;False;False
697;29.4;22.97;6.72;3;36.98;80.304;True;True;True
698;23.4;27.41;3.64;5;17.97;42.915;False;False;False
699;18.2;19.87;2.85;10;15.8;71.821;False;False;False
700;20.4;35.31;4.72;3;17.33;62.089;True;True;True
701;17.5;20.59;2.85;7;16.59;71.1;False;False;False
702;30.5;26.69;5.9;5;28.9;83.305;True;False;False
703;24.1;29.16;4.32;6;31.83;42.345;False;False;False
704;29.1;36.14;4.77;5;0.95;57.305;False;False;False
705;26.8;32.49;4.66;3;19.13;37.255;False;False;False
706;31.8;36.74;5.43;5;0.67;61.003;False;False;False
707;18.5;37.82;4.0;2;47.33;55.39;True;True;True
708;24.1;30.49;4.71;7;4.92;59.909;False;False;False
709;22.9;30.01;3.73;6;6.77;37.232;False;False;False
710;24.3;26.41;4.3;8;29.65;40.295;False;False;False
711;27.9;21.91;6.01;8;20.67;79.996;False;True;True
712;31.2;24.71;6.95;6;60.97;82.636;True;False;True
713;24.0;27.92;4.05;4;2.19;37.093;False;False;False
714;31.5;24.26;6.39;6;36.13;82.741;False;False;True
715;34.4;41.82;4.79;7;9.96;64.465;False;False;True
716;18.7;19.19;3.08;8;8.9;65.509;False;False;False
717;18.1;17.0;3.33;4;12.71;70.887;False;False;False
718;31.1;35.32;5.64;9;2.1;57.496;False;True;False
719;28.9;21.49;5.93;8;29.41;80.071;True;True;False
720;26.0;33.86;4.12;3;14.4;40.716;False;False;False
721;32.5;37.84;5.43;6;3.85;65.553;False;False;False
722;23.1;27.8;4.44;8;24.24;41.101;False;False;False
723;24.0;28.79;3.83;5;19.02;39.074;False;False;False
724;22.5;30.71;3.51;5;22.06;39.481;False;False;False
725;18.2;37.49;4.04;4;37.29;45.72;True;True;True
726;30.9;35.96;5.17;10;14.36;58.932;False;False;True
727;28.9;38.1;4.68;4;8.13;64.755;False;False;False
728;30.1;21.09;6.66;7;42.33;77.214;True;True;False
729;21.4;31.36;3.85;6;13.98;39.574;False;False;False
730;22.6;27.8;4.4;6;9.68;40.23;False;False;False
731;22.9;29.91;3.59;6;7.87;42.728;False;False;False
732;25.4;32.96;4.61;5;15.8;64.027;False;False;True
733;35.2;37.33;6.42;7;0.31;56.95;False;False;False
734;23.9;29.87;3.56;4;3.32;35.994;False;False;False
735;29.1;33.97;5.6;8;30.62;63.308;False;False;False
736;24.1;27.61;4.37;7;41.27;38.631;False;False;False
737;23.6;32.8;3.42;9;4.74;41.314;False;False;False
738;18.2;19.38;3.14;11;15.19;72.295;False;False;False
739;20.7;38.91;4.01;3;49.36;51.253;True;True;True
740;23.7;26.6;3.63;10;5.21;40.43;False;False;False
741;29.1;23.41;6.49;4;62.76;79.184;False;False;True
742;30.1;37.01;4.98;11;0.29;58.196;False;True;False
743;26.5;32.79;4.02;5;42.28;40.862;False;False;False
744;18.1;20.74;2.76;10;20.81;71.772;False;False;False
745;31.2;38.49;4.89;9;7.13;61.96;False;False;False
746;26.0;31.65;4.12;4;11.98;44.003;False;False;False
747;26.0;15.65;6.12;4;35.03;82.251;True;False;False
748;21.9;30.0;3.6;2;9.04;37.34;False;False;False
749;28.4;29.3;4.63;5;11.84;38.377;False;False;False
750;20.2;25.71;4.09;4;0.61;42.557;False;False;False
751;17.6;34.94;4.19;4;14.81;46.517;True;True;True
752;28.6;31.24;5.69;9;7.04;54.761;False;False;False
753;16.8;33.27;4.34;4;45.44;44.773;True;True;True
754;18.3;17.12;3.02;9;16.69;74.256;False;True;False
755;17.5;34.17;4.02;4;57.95;50.733;False;True;True
756;27.6;30.49;5.55;3;1.54;58.887;False;False;False
757;22.8;32.68;3.44;5;37.18;41.159;False;False;False
758;18.2;22.3;2.84;4;8.81;67.599;False;False;False
759;19.2;37.26;4.13;5;51.81;49.986;True;True;True
760;28.3;34.26;4.98;7;0.35;56.581;False;False;False
761;29.5;32.24;5.64;6;2.31;62.141;False;False;False
762;34.5;38.36;5.48;14;7.75;58.899;False;False;False
763;26.9;33.54;4.8;13;6.33;59.159;False;False;True
764;23.6;28.18;3.99;7;34.64;40.494;False;False;False
765;23.1;27.16;3.96;5;25.19;40.218;False;False;False
766;22.7;28.65;4.06;5;8.51;40.666;False;False;False
767;17.7;17.3;3.19;4;24.17;66.193;False;False;False
768;17.5;20.05;2.74;9;23.73;70.236;False;False;False
769;28.8;21.61;6.41;7;33.57;80.839;False;False;True
770;18.5;20.49;2.88;8;19.61;71.605;False;True;True
771;31.3;39.11;4.74;4;1.44;61.3;False;False;False
772;17.6;21.58;3.09;12;16.82;73.956;False;True;True
773;30.3;35.37;5.3;7;6.32;58.953;False;True;False
774;25.8;29.22;4.15;5;9.46;40.346;False;False;False
775;21.9;28.05;3.94;3;10.25;39.48;False;False;False
776;31.3;26.54;6.23;5;48.1;80.597;True;False;True
777;23.9;27.97;4.4;5;11.11;39.116;False;False;False
778;31.3;24.12;6.29;6;18.86;81.378;True;True;True
779;31.9;22.06;5.71;6;30.87;77.434;False;True;True
780;25.3;32.2;4.27;8;10.95;40.257;False;False;False
781;15.2;35.24;4.16;7;52.43;47.141;True;True;True
782;23.4;28.0;3.93;4;10.73;39.761;False;False;False
783;31.6;35.45;5.64;8;0.48;63.083;False;True;False
784;22.6;29.73;3.44;3;18.12;41.176;False;False;False
785;18.6;20.57;2.98;10;14.65;70.415;False;False;False
786;21.0;27.93;3.3;5;100.2;42.4;False;False;False
787;29.7;31.43;6.09;9;8.64;63.717;False;False;False
788;27.9;25.08;6.0;3;26.58;79.977;False;True;True
789;31.7;42.08;3.99;10;10.8;56.615;False;False;True
790;29.0;24.33;6.0;6;47.39;81.661;True;False;True
791;21.1;27.32;3.52;4;16.9;40.157;False;False;False
792;28.3;23.37;5.72;5;37.49;84.001;True;False;False
793;30.7;39.58;4.31;5;14.35;63.291;False;True;False
794;18.7;21.52;2.98;7;15.28;70.965;False;False;False
795;30.0;33.19;5.28;9;7.71;58.071;False;False;False
796;28.3;23.61;5.63;8;65.1;81.746;True;True;True
797;16.4;16.84;3.44;7;7.88;72.187;False;False;False
798;17.9;20.43;3.08;13;4.12;76.339;False;True;True
799;27.5;31.22;5.69;8;8.29;59.089;False;False;False
800;32.7;40.13;4.27;7;2.66;60.098;False;True;False
801;21.6;39.32;3.38;3;29.8;40.249;True;False;True
802;30.7;35.97;5.35;5;12.74;57.021;False;False;False
803;27.1;30.42;4.07;10;12.82;38.139;False;False;False
804;23.6;32.66;4.0;3;5.47;38.159;False;False;False
805;24.5;33.42;3.61;7;7.13;41.35;False;False;False
806;23.8;29.22;3.47;5;15.06;39.471;False;False;False
807;29.4;25.09;5.42;5;42.29;79.531;True;False;True
808;29.7;23.03;6.66;6;45.76;81.598;False;False;True
809;31.4;20.39;6.41;8;19.38;80.133;False;True;False
810;16.9;21.62;2.8;9;23.1;77.737;False;True;False
811;24.5;31.84;3.72;7;19.27;38.96;False;False;False
812;31.2;28.29;5.49;7;45.38;80.684;True;True;True
813;27.6;21.65;5.76;4;45.83;81.207;False;False;True
814;24.3;28.55;4.42;7;31.81;37.209;False;False;False
815;22.8;27.79;3.94;4;7.13;40.82;False;False;False
816;24.0;28.05;4.42;7;7.27;40.111;False;False;False
817;24.6;26.16;4.26;4;14.12;40.644;False;False;False
818;25.3;29.95;4.09;4;7.58;41.479;False;False;False
819;28.0;20.6;5.81;6;41.2;79.522;False;False;True
820;31.6;36.7;5.22;9;3.68;58.365;False;False;False
821;23.8;32.7;4.13;5;18.44;38.027;False;False;False
822;31.9;37.96;5.28;6;4.23;59.972;False;False;False
823;29.8;37.25;4.58;8;2.02;60.649;False;False;False
824;26.2;33.23;4.06;8;21.72;38.674;False;False;False
825;19.5;19.41;3.01;9;28.45;76.466;False;False;True
826;21.6;28.99;3.8;7;5.43;39.469;False;False;False
827;24.2;31.68;3.68;7;4.31;42.566;False;False;False
828;29.5;34.55;5.08;9;1.24;53.964;False;True;False
829;30.1;21.93;6.02;6;53.59;82.989;True;True;True
830;29.7;21.47;6.79;7;23.7;77.357;False;False;True
831;28.0;36.91;4.2;9;0.36;62.834;False;True;True
832;17.7;20.38;2.95;11;33.91;63.461;False;True;False
833;34.4;40.51;5.15;6;12.29;60.413;False;False;False
834;29.3;32.9;5.56;7;15.45;59.318;False;False;False
835;15.6;39.87;3.55;8;32.36;42.41;False;True;True
836;29.3;38.25;4.54;7;14.42;60.375;False;False;False
837;25.8;31.62;4.54;6;8.67;42.32;False;False;False
838;17.8;20.11;3.14;8;24.78;75.232;False;False;False
839;17.5;21.06;3.14;11;16.59;69.435;False;False;True
840;29.6;25.12;5.72;3;47.83;79.112;False;False;True
841;30.8;35.77;5.11;13;0.28;56.413;False;True;True
842;27.3;33.48;3.85;3;20.65;39.283;False;False;False
843;19.2;29.13;3.68;5;27.23;40.855;False;False;False
844;23.7;32.64;3.38;8;23.44;44.862;False;False;False
845;20.2;37.4;4.68;3;41.54;47.991;True;True;True
846;21.5;37.75;4.58;7;44.54;55.585;True;True;True
847;29.0;22.72;5.38;6;60.33;81.892;True;True;True
848;34.1;40.12;4.88;6;1.29;59.565;False;True;False
849;31.8;38.86;4.46;7;17.57;57.481;False;False;False
850;33.2;40.38;4.71;10;21.32;64.207;False;True;False
851;19.2;17.87;3.06;6;32.26;63.97;False;False;False
852;22.2;28.22;4.08;7;14.97;37.02;False;False;False
853;23.5;27.33;4.34;4;13.11;40.838;False;False;False
854;18.1;26.31;3.69;4;24.14;39.83;False;False;False
855;29.5;22.7;6.06;7;35.96;81.645;False;True;True
856;27.0;30.14;4.33;5;7.62;37.989;False;False;False
857;27.8;22.44;5.9;5;30.36;82.998;True;True;True
858;19.9;19.91;3.41;13;31.11;70.469;False;False;False
859;24.3;27.37;4.15;2;1.83;40.298;False;False;False
860;25.0;30.38;4.54;4;24.21;36.527;False;False;False
861;21.5;25.75;3.74;5;22.75;42.828;False;False;False
862;24.1;26.88;4.15;6;10.02;37.263;False;False;False
863;30.7;24.33;7.02;9;50.18;75.958;True;True;True
864;24.3;24.54;4.49;6;8.08;42.13;False;False;False
865;33.9;37.76;5.67;2;2.58;59.853;False;True;False
866;30.4;23.52;5.42;6;25.74;82.845;True;True;True
867;17.5;20.56;2.9;7;16.91;73.329;False;False;True
868;27.7;23.62;6.04;4;50.96;77.204;True;False;True
869;25.1;30.44;3.66;5;14.03;40.47;False;False;False
870;27.1;32.32;4.08;5;10.4;41.021;False;False;False
871;32.9;41.91;4.22;10;5.49;56.92;False;False;False
872;23.5;26.03;4.55;5;39.9;41.404;False;False;False
873;18.9;18.79;3.19;10;29.9;78.286;False;False;False
874;24.4;31.63;4.0;6;27.24;41.989;False;False;False
875;31.8;27.04;5.69;6;16.93;78.663;True;True;True
876;31.6;38.78;4.66;9;4.77;53.124;False;False;False
877;18.5;18.38;3.06;9;24.39;69.104;False;False;False
878;22.3;28.82;4.25;8;70.91;37.433;False;False;False
879;27.4;30.66;4.34;8;20.3;37.13;False;False;False
880;26.5;34.17;4.64;9;3.6;51.777;False;False;True
881;17.9;19.27;3.02;9;13.21;74.484;False;True;True
882;26.3;29.45;4.28;4;20.73;37.847;False;False;False
883;21.7;27.1;4.16;5;24.33;44.212;False;False;False
884;17.0;20.51;2.81;9;13.19;68.83;False;False;False
885;29.4;35.58;5.21;10;1.02;58.356;False;False;True
886;19.3;23.93;2.61;9;23.64;67.934;False;True;False
887;18.0;22.67;2.81;11;14.63;69.639;False;False;False
888;14.1;31.17;3.7;4;55.16;47.377;True;True;True
889;31.9;38.21;5.03;11;11.85;63.47;False;False;False
890;19.7;34.82;4.21;3;35.57;46.851;True;True;True
891;27.9;37.81;4.06;12;6.59;63.538;False;True;True
892;28.7;20.52;6.37;6;58.96;80.535;False;True;True
893;17.4;21.41;3.07;9;14.04;72.501;False;True;False
894;19.3;38.52;3.77;5;56.54;44.5;True;True;True
895;32.6;37.14;5.45;3;19.26;57.36;False;False;False
896;28.7;26.94;6.18;7;29.75;81.781;True;True;True
897;22.3;26.84;4.09;10;11.87;37.416;False;False;False
898;21.9;27.03;4.5;7;11.0;37.969;False;False;False
899;26.0;35.14;3.72;7;6.12;40.56;False;False;False
900;22.8;30.28;3.69;7;14.14;40.738;False;False;False
901;27.1;31.65;3.9;9;65.89;38.45;False;False;False
902;26.8;32.43;3.86;8;38.16;40.84;False;False;False
903;17.2;18.79;3.02;8;3.53;65.959;False;True;False
904;30.9;28.26;6.11;7;49.42;82.585;False;True;True
905;27.4;22.54;5.8;4;45.94;82.907;True;False;True
906;34.1;42.72;4.43;8;3.19;58.43;False;False;False
907;31.0;24.91;5.77;6;23.68;77.741;True;True;False
908;20.8;28.89;3.58;5;6.31;37.169;False;False;False
909;18.2;35.39;3.38;4;32.68;46.091;True;True;True
910;18.1;22.14;2.87;12;13.09;72.242;False;False;True
911;27.6;24.2;5.21;7;50.64;82.425;True;True;False
912;19.6;27.98;4.39;8;7.84;40.464;False;False;False
913;25.0;30.26;3.95;5;8.28;40.874;False;False;False
914;33.1;37.95;5.13;6;3.43;54.885;False;False;False
915;32.6;42.37;3.96;8;1.93;60.132;False;False;True
916;22.9;28.48;3.58;11;33.62;39.053;False;False;False
917;23.0;27.02;4.61;4;6.32;41.311;False;False;False
918;22.0;25.83;4.03;7;24.88;41.981;False;False;False
919;23.8;33.74;3.03;6;31.28;40.198;False;False;False
920;19.6;27.62;4.11;6;18.49;40.297;False;False;False
921;31.2;23.71;6.39;5;33.45;80.084;True;False;True
922;25.5;31.73;4.13;5;4.4;44.901;False;False;False
923;23.9;25.73;4.97;7;17.29;39.649;False;False;False
924;22.9;33.32;3.39;6;26.57;40.659;False;False;False
925;24.8;30.69;4.22;8;21.42;37.731;False;False;False
926;25.2;29.81;4.18;8;18.39;38.394;False;False;False
927;30.4;35.01;5.48;10;6.98;55.127;False;False;False
928;24.5;28.82;4.45;6;22.48;39.354;False;False;False
929;20.8;27.87;4.08;7;38.9;39.178;False;False;False
930;34.0;40.09;4.85;8;13.82;63.168;False;False;False
931;25.4;33.62;4.21;6;12.47;37.068;False;False;False
932;28.6;34.99;4.85;8;24.6;49.629;False;False;False
933;24.3;33.17;3.52;6;4.44;36.934;False;False;False
934;25.2;33.25;4.09;8;32.77;42.286;False;False;False
935;32.9;27.89;5.67;4;36.26;76.988;False;True;True
936;19.0;19.29;3.09;6;20.09;74.074;False;True;True
937;19.4;26.45;4.17;5;11.29;40.994;False;False;False
938;27.8;19.84;6.59;6;25.41;78.246;True;True;True
939;29.0;32.34;5.48;7;6.02;68.005;False;False;False
940;29.1;23.7;6.11;5;53.35;77.272;True;False;True
941;36.3;40.33;5.43;9;8.01;58.148;False;True;False
942;30.1;35.86;5.35;10;0.03;63.057;False;False;False
943;23.0;28.52;3.56;5;3.46;41.131;False;False;False
944;17.2;19.94;2.9;14;16.99;78.041;False;True;False
945;29.7;23.49;5.91;5;56.95;79.492;True;True;False
946;30.9;37.5;4.99;7;0.2;54.765;False;False;False
947;32.7;37.22;5.17;6;2.52;51.905;False;False;False
948;26.5;33.35;4.21;7;23.24;37.16;False;False;False
949;28.7;33.42;5.15;11;9.89;58.539;False;False;False
950;29.3;33.46;5.36;7;2.17;60.141;False;False;True
951;24.5;28.95;5.07;6;57.77;39.581;False;False;False
952;22.0;37.8;3.77;4;37.79;42.38;True;False;True
953;19.0;21.8;3.2;8;26.74;69.283;False;False;False
954;29.6;22.0;5.87;7;40.18;76.718;False;True;False
955;26.8;31.14;4.3;8;34.67;40.107;False;False;False
956;18.6;20.08;3.0;7;21.57;74.233;False;True;False
957;23.5;29.63;3.24;5;16.82;39.675;False;False;False
958;28.3;38.33;3.99;7;3.91;60.075;False;False;False
959;26.9;29.79;4.64;7;7.94;38.49;False;False;False
960;28.9;38.1;4.25;9;15.78;60.381;False;False;False
961;33.8;39.16;5.33;6;5.41;61.902;False;False;False
962;30.5;21.78;6.55;3;32.85;81.195;False;False;False
963;26.7;30.89;5.42;6;20.34;62.66;False;False;False
964;18.7;21.4;3.2;9;28.6;65.745;False;False;False
965;31.0;34.1;5.75;10;1.42;58.149;False;False;True
966;24.2;33.23;4.03;7;7.2;37.223;False;False;False
967;16.7;20.2;3.21;10;20.52;70.497;False;False;True
968;28.6;25.27;5.54;2;43.64;81.683;False;True;True
969;17.3;19.01;2.75;8;10.85;72.47;False;False;False
970;31.9;25.96;6.4;8;28.22;80.788;True;True;True
971;30.8;33.44;6.07;7;2.52;65.068;False;False;False
972;30.3;33.37;5.88;11;7.43;58.077;False;False;False
973;32.3;36.35;5.71;8;3.2;63.777;False;False;False
974;23.7;23.76;3.93;8;12.92;36.636;False;False;False
975;31.1;34.46;5.66;7;31.35;62.559;False;True;False
976;21.9;31.87;4.08;7;6.21;39.764;False;False;False
977;18.7;20.49;3.15;10;13.52;71.167;False;True;False
978;18.4;20.11;3.35;12;18.92;70.061;False;False;False
979;26.5;22.02;6.5;5;49.5;81.013;False;True;True
980;32.7;39.84;5.13;7;13.83;61.14;False;True;True
981;22.1;38.46;4.35;4;38.1;46.554;False;True;True
982;23.3;28.96;4.1;3;38.56;34.095;False;False;False
983;21.8;30.18;3.98;7;30.89;38.817;False;False;False
984;18.8;17.91;3.22;13;23.31;71.824;False;False;True
985;22.5;30.4;4.0;6;23.86;37.858;False;False;False
986;27.6;22.9;5.53;5;44.37;77.039;False;True;True
987;17.2;21.79;2.85;11;20.15;72.169;False;False;True
988;18.2;20.69;2.74;10;23.65;74.217;False;False;False
989;32.0;37.38;5.15;8;7.07;55.587;False;True;False
990;18.2;20.63;2.84;15;9.38;64.878;False;True;False
991;17.6;17.9;3.4;8;16.95;69.601;False;False;False
992;30.9;37.5;5.05;7;1.94;61.192;False;False;False
993;19.0;37.86;4.38;4;46.19;46.478;True;True;True
994;24.2;29.95;4.0;9;9.6;36.357;False;False;False
995;18.6;24.14;2.8;15;28.7;72.066;False;True;True
996;23.7;30.64;4.01;7;8.61;40.929;False;False;False
997;24.3;32.91;3.07;5;19.58;40.158;False;False;False
998;30.3;37.27;4.98;6;5.1;63.349;False;False;True
999;16.3;38.21;3.51;4;43.8;52.078;True;True;True
1000;19.8;19.33;3.09;6;21.58;73.482;False;False;True
1001;28.1;24.67;5.32;6;65.36;76.376;True;False;True
1002;28.5;25.33;5.42;5;37.87;79.633;True;True;True
1003;18.2;31.67;4.54;2;39.68;49.301;True;True;True
1004;24.0;29.48;3.65;7;1.21;40.965;False;False;False
1005;19.0;20.41;2.83;12;9.8;66.341;False;False;True
1006;29.5;33.74;5.51;7;5.32;58.987;False;False;False
1007;22.9;28.53;4.0;4;18.36;39.697;False;False;False
1008;28.6;20.73;5.92;8;31.32;78.706;False;True;True
1009;28.4;33.45;4.28;2;19.81;39.033;False;False;False
1010;20.3;21.24;3.17;9;18.79;71.021;False;False;False
1011;29.1;32.05;5.54;10;4.1;60.787;False;False;True
1012;20.8;28.25;4.01;7;5.62;41.524;False;False;False
1013;23.0;28.92;3.77;5;14.96;40.045;False;False;False
1014;27.8;20.68;6.15;5;47.57;82.703;True;True;False
1015;24.0;28.44;4.44;4;30.25;40.362;False;False;False
1016;30.8;35.4;5.29;4;1.11;53.004;False;False;False
1017;32.8;36.64;5.61;5;30.7;59.884;False;False;False
1018;28.1;33.26;4.85;7;4.46;56.669;False;False;True
1019;28.7;33.54;4.09;4;17.03;39.077;False;False;False
1020;14.3;34.4;4.45;6;21.43;55.042;True;True;True
1021;20.0;37.31;3.87;3;45.08;47.585;True;False;True
1022;31.5;29.14;5.9;3;38.94;82.251;False;True;True
1023;21.0;30.13;3.61;6;31.0;41.132;False;False;False
1024;28.7;31.48;5.96;10;4.67;61.324;False;True;False
1025;26.6;29.18;3.66;4;28.7;37.099;False;False;False
1026;16.1;33.51;4.14;3;46.56;51.297;False;True;True
1027;27.2;31.42;5.38;4;2.64;61.34;False;True;False
1028;29.8;32.07;5.52;7;0.88;56.956;False;False;False
1029;18.3;20.53;3.01;8;14.85;65.625;False;False;False
1030;29.4;35.69;4.95;9;6.76;59.765;False;True;False
1031;28.6;19.84;6.18;6;42.35;79.046;True;False;True
1032;20.5;28.69;4.09;4;13.08;43.998;False;False;False
1033;24.9;32.12;3.79;8;8.02;39.567;False;False;False
1034;21.1;35.24;3.03;4;14.21;39.419;False;False;False
1035;22.5;30.6;3.69;8;13.47;38.365;False;False;False
1036;31.2;24.23;5.87;6;25.64;78.151;True;False;True
1037;25.1;29.99;5.16;6;3.98;62.579;False;False;False
1038;32.8;23.03;6.63;3;46.56;80.041;True;False;True
1039;29.4;20.57;6.68;7;38.5;77.839;True;True;True
1040;22.6;28.06;3.66;5;19.17;42.903;False;False;False
1041;23.7;32.12;3.68;8;8.53;41.379;False;False;False
1042;31.4;28.82;6.35;8;42.42;81.491;True;True;True
1043;21.7;32.49;3.59;5;15.23;41.745;False;False;False
1044;21.0;30.45;2.89;3;12.35;41.772;False;False;False
1045;22.3;31.92;4.01;6;1.5;40.853;False;False;False
1046;30.1;21.62;5.61;9;26.32;83.433;True;False;True
1047;22.5;29.21;3.85;7;52.15;39.461;False;False;False
1048;30.8;32.17;6.28;9;4.06;55.585;False;False;False
1049;28.4;21.86;6.06;7;22.6;78.959;True;True;True
1050;28.6;19.3;6.2;5;42.74;77.724;False;True;True
1051;29.4;18.64;6.34;7;27.44;80.418;True;False;True
1052;27.6;35.94;4.29;8;23.0;59.656;False;False;True
1053;18.6;43.53;4.26;6;37.6;41.999;True;True;True
1054;23.5;28.48;3.9;4;1.76;38.827;False;False;False
1055;22.4;28.72;3.76;7;16.89;41.141;False;False;False
1056;33.9;39.31;5.69;9;10.67;59.883;False;True;True
1057;26.5;34.89;4.41;7;11.03;62.528;False;False;False
1058;29.5;34.68;5.37;7;16.3;67.484;False;False;True
1059;29.3;34.97;4.9;7;4.82;57.425;False;False;False
1060;30.5;36.54;4.99;9;2.52;62.788;False;False;False
1061;29.2;22.37;6.18;7;40.71;80.614;True;False;False
1062;23.3;31.49;3.72;6;9.47;41.732;False;False;False
1063;17.7;20.32;2.92;13;22.7;73.629;False;True;False
1064;29.2;33.59;3.99;7;55.52;36.696;False;False;False
1065;28.3;22.79;5.98;5;28.99;78.73;False;True;True
1066;24.0;29.32;3.55;6;4.94;43.229;False;False;False
1067;13.5;28.16;4.31;4;76.54;53.44;False;True;True
1068;22.3;24.97;4.15;9;21.06;36.632;False;False;False
1069;27.1;32.75;3.95;7;10.55;41.261;False;False;False
1070;18.7;33.97;4.93;7;24.62;51.397;True;True;True
1071;29.9;27.78;5.74;8;35.86;79.803;True;True;True
1072;30.4;24.9;6.28;5;55.49;81.185;True;False;True
1073;25.2;30.73;3.85;7;14.93;38.591;False;False;False
1074;25.6;30.11;4.35;4;3.81;39.822;False;False;False
1075;16.5;36.4;3.76;3;27.98;44.043;True;True;True
1076;32.3;30.09;6.5;4;23.55;75.9;False;False;False
1077;21.7;27.8;3.67;3;6.25;42.666;False;False;False
1078;17.9;20.93;2.71;8;11.95;68.757;False;False;False
1079;23.4;29.03;4.17;5;13.89;41.636;False;False;False
1080;27.8;19.42;5.46;3;52.63;77.092;True;False;True
1081;16.5;34.33;3.85;6;45.44;48.4;True;True;True
1082;25.3;30.22;5.04;4;1.34;65.289;False;False;True
1083;20.6;26.85;3.32;1;18.01;41.074;False;False;False
1084;28.3;22.53;5.75;7;63.86;79.849;False;True;True
1085;18.2;20.55;3.1;13;25.86;77.363;False;False;False
1086;29.0;34.66;5.23;9;1.39;53.046;False;True;True
1087;32.3;36.45;5.66;5;15.14;58.15;False;False;False
1088;33.3;39.13;5.38;6;13.22;62.12;False;False;False
1089;19.6;40.02;3.82;5;39.35;46.137;True;True;True
1090;27.6;22.7;5.53;5;26.74;81.489;True;True;True
1091;34.4;26.14;5.81;5;79.58;78.344;True;True;False
1092;29.8;23.4;6.03;6;49.93;77.936;False;True;False
1093;29.7;20.96;6.34;6;30.91;77.231;True;True;True
1094;18.5;18.28;2.74;11;9.19;64.248;False;False;False
1095;29.6;22.55;6.22;3;65.79;80.467;False;True;False
1096;22.6;31.02;4.26;6;9.6;39.004;False;False;False
1097;28.0;21.05;5.42;8;32.49;81.165;True;True;True
1098;29.6;33.18;5.55;6;7.75;59.309;False;False;False
1099;22.3;32.15;3.36;8;15.21;35.959;False;False;False
1100;33.5;22.75;6.39;4;47.09;80.281;False;False;True
1101;23.6;20.4;5.74;7;61.49;79.105;False;True;True
1102;26.7;29.22;4.87;6;14.04;40.158;False;False;False
1103;31.8;35.99;5.54;5;4.89;60.676;False;False;False
1104;30.5;39.21;4.51;8;7.91;54.718;False;False;False
1105;21.4;27.29;4.19;5;21.41;42.429;False;False;False
1106;27.9;38.22;3.9;5;2.65;55.195;False;False;False
1107;31.5;36.31;5.41;11;5.01;64.545;False;False;False
1108;18.8;21.4;3.17;10;7.23;66.708;False;False;True
1109;18.9;16.5;3.31;10;19.29;69.899;False;False;False
1110;21.1;27.94;4.08;5;32.39;41.357;False;False;False
1111;24.0;29.16;4.68;4;16.28;38.589;False;False;False
1112;21.4;30.31;3.95;7;3.73;36.218;False;False;False
1113;24.1;30.47;3.47;7;16.36;40.227;False;False;False
1114;26.3;31.99;4.88;6;11.13;58.862;False;False;False
1115;24.4;33.6;3.92;7;5.67;59.347;False;False;False
1116;24.2;31.69;3.7;6;29.47;37.297;False;False;False
1117;31.1;36.97;4.88;9;9.35;57.597;False;False;False
1118;30.5;19.71;6.06;1;73.84;78.398;True;False;True
1119;26.6;21.0;6.02;4;34.94;79.862;False;False;True
1120;27.0;35.36;4.45;8;7.85;66.967;False;True;False
1121;22.7;29.7;3.93;9;14.81;44.015;False;False;False
1122;17.5;18.64;2.64;8;18.09;74.053;False;True;True
1123;23.0;28.09;4.41;7;7.66;41.41;False;False;False
1124;29.8;25.01;5.99;5;46.39;82.411;False;True;True
1125;18.4;20.65;2.89;8;16.45;66.721;False;False;False
1126;29.9;21.46;6.44;4;38.05;81.482;True;True;False
1127;30.1;21.41;5.83;6;65.81;80.714;True;False;True
1128;18.2;20.75;2.84;6;32.55;70.407;False;False;False
1129;23.0;26.33;3.79;7;22.68;38.702;False;False;False
1130;26.5;28.89;4.15;7;24.58;37.975;False;False;False
1131;27.8;23.18;5.37;8;52.38;77.221;False;True;False
1132;32.6;37.29;5.09;8;4.05;61.799;False;False;False
1133;27.5;39.33;3.75;8;5.05;60.408;False;False;False
1134;18.4;21.22;3.01;12;29.46;65.894;False;False;False
1135;27.5;22.91;5.35;3;31.75;76.702;False;True;False
1136;24.3;30.66;2.87;5;15.99;41.467;False;False;False
1137;19.4;19.96;3.19;10;18.07;64.748;False;False;False
1138;19.4;26.1;4.64;7;8.48;40.736;False;False;False
1139;22.7;32.75;3.23;7;15.87;41.897;False;False;False
1140;24.0;26.4;4.03;6;4.35;40.74;False;False;False
1141;18.4;20.29;3.43;11;22.37;71.502;False;False;False
1142;24.8;31.21;4.46;5;12.94;40.085;False;False;False
1143;18.7;21.87;2.83;9;23.08;75.478;False;False;False
1144;18.8;34.0;4.58;2;53.92;42.407;False;True;True
1145;17.8;35.61;4.28;4;73.84;44.099;True;False;True
1146;17.5;16.09;3.36;11;17.03;64.94;False;False;False
1147;17.3;18.48;3.06;8;5.87;71.758;False;True;False
1148;23.3;25.89;4.13;4;7.5;41.009;False;False;False
1149;26.7;31.93;4.56;9;26.29;36.523;False;False;False
1150;22.3;28.07;4.02;6;4.06;42.451;False;False;False
1151;33.1;39.61;5.24;8;24.35;58.135;False;False;False
1152;17.9;19.7;2.96;9;20.58;63.87;False;False;True
1153;32.1;25.84;5.53;7;29.46;79.995;True;True;False
1154;32.8;25.87;5.69;8;65.52;76.694;True;True;True
1155;17.7;19.33;3.1;12;26.81;67.983;False;False;False
1156;22.8;32.99;2.79;8;15.17;36.058;False;False;False
1157;18.7;19.23;3.01;8;15.99;67.279;False;False;False
1158;33.6;39.11;5.3;7;10.73;61.179;False;False;False
1159;26.4;33.31;3.8;6;25.0;40.463;False;False;False
1160;18.6;19.74;3.24;8;21.09;77.462;False;False;False
1161;19.1;35.98;3.75;5;60.83;49.793;False;True;True
1162;28.7;23.39;5.82;4;57.89;76.002;False;False;True
1163;18.7;33.39;3.36;5;29.78;47.408;False;True;True
1164;24.1;29.57;3.61;10;53.69;38.77;False;False;False
1165;26.6;32.96;4.81;5;12.08;65.978;False;True;True
1166;30.9;25.9;5.88;4;55.51;80.795;False;True;False
1167;32.1;27.6;6.24;5;50.95;79.815;True;True;False
1168;24.4;29.59;4.16;6;3.25;36.996;False;False;False
1169;19.9;36.55;4.46;3;24.26;41.056;True;True;True
1170;28.4;25.45;5.84;8;34.63;78.453;True;True;True
1171;26.3;36.29;4.44;7;11.32;61.122;False;False;False
1172;29.1;33.53;5.37;7;15.33;63.679;False;False;False
1173;31.4;38.75;4.67;7;0.62;55.094;False;False;False
1174;31.1;39.98;4.15;7;10.38;58.283;False;False;False
1175;19.6;28.32;4.0;5;13.53;37.565;False;False;False
1176;33.2;38.37;5.33;9;6.44;57.606;False;False;False
1177;21.2;27.03;3.79;6;19.98;38.024;False;False;False
1178;29.0;35.87;4.74;8;1.91;60.714;False;False;False
1179;28.4;33.27;5.24;11;0.45;55.492;False;False;False
1180;24.4;31.46;4.2;7;15.57;42.4;False;False;False
1181;33.3;23.0;7.41;5;12.42;80.388;True;True;False
1182;20.2;22.2;2.74;8;22.71;74.533;False;False;False
1183;23.6;31.9;3.98;3;19.91;43.639;False;False;False
1184;24.8;29.69;4.17;8;20.13;38.412;False;False;False
1185;24.6;27.58;4.04;6;23.56;40.146;False;False;False
1186;27.6;19.98;5.62;5;39.05;85.784;False;False;True
1187;28.9;32.53;5.73;7;0.95;62.465;False;False;False
1188;25.4;29.6;4.09;6;15.25;39.059;False;False;False
1189;17.8;34.71;3.57;6;118.48;49.224;True;True;True
1190;23.9;32.26;3.15;11;30.09;36.515;False;False;False
1191;24.3;30.8;3.33;5;23.92;38.309;False;False;False
1192;29.3;24.9;5.42;9;32.83;81.462;True;False;True
1193;26.5;36.72;3.82;6;17.77;53.37;False;False;False
1194;23.9;30.99;3.58;4;36.31;35.231;False;False;False
1195;30.2;24.46;5.06;6;50.32;76.696;True;True;True
1196;19.0;37.2;3.92;3;68.69;49.314;True;True;True
1197;28.0;35.48;4.83;7;12.32;56.069;False;False;True
1198;26.3;29.82;4.79;8;22.19;38.567;False;False;False
1199;27.3;29.37;4.25;5;16.33;40.815;False;False;False
1200;28.3;37.38;3.99;6;3.86;71.417;False;False;False
1201;29.0;35.61;4.82;6;20.34;59.175;False;False;False
1202;29.9;24.66;5.26;8;47.63;80.551;True;False;True
1203;21.8;29.09;4.16;7;18.5;42.881;False;False;False
1204;28.0;34.41;4.89;8;6.88;54.238;False;False;False
1205;17.7;17.65;2.93;9;41.46;69.056;False;False;False
1206;25.1;32.13;3.64;7;23.32;40.25;False;False;False
1207;32.1;35.24;5.42;9;0.51;58.35;False;True;True
1208;34.4;26.81;5.75;6;44.27;79.433;True;False;True
1209;31.6;26.52;6.37;9;50.51;81.983;True;False;True
1210;30.2;22.79;5.87;5;32.08;78.791;False;True;True
1211;27.5;35.41;4.1;9;14.89;40.662;False;False;False
1212;24.1;26.22;4.73;5;48.1;41.426;False;False;False
1213;25.3;30.6;4.28;6;16.4;37.219;False;False;False
1214;27.9;36.47;4.28;9;3.65;59.357;False;False;False
1215;19.5;20.1;3.17;12;32.16;67.572;False;False;True
1216;17.9;22.27;3.24;12;13.85;71.878;False;True;False
1217;26.1;30.86;3.78;7;19.42;41.656;False;False;False
1218;21.1;25.99;4.63;7;34.05;58.749;False;True;False
1219;27.8;33.53;4.77;10;11.41;62.82;False;True;False
1220;23.2;31.15;4.05;4;6.93;39.945;False;False;False
1221;30.6;25.19;6.05;5;22.59;80.14;True;True;True
1222;21.7;25.64;4.32;6;12.99;39.435;False;False;False
1223;17.1;33.46;4.2;3;47.85;53.106;False;True;True
1224;25.2;28.93;5.24;8;6.33;62.289;False;False;False
1225;26.7;18.22;5.82;6;28.84;80.228;True;True;True
1226;22.2;27.12;4.42;3;16.91;42.221;False;False;False
1227;28.8;24.62;5.55;9;15.14;77.809;False;True;True
1228;18.4;21.61;3.01;9;27.61;74.435;False;False;False
1229;22.8;29.57;4.26;7;11.51;39.667;False;False;False
1230;22.1;30.65;3.09;8;13.43;38.153;False;False;False
1231;16.8;24.29;2.6;8;18.74;66.893;False;False;False
1232;31.6;37.76;4.75;6;1.44;58.67;False;False;False
1233;27.7;21.38;5.78;5;40.69;76.625;True;True;True
1234;16.5;20.65;2.75;11;20.03;65.812;False;False;False
1235;24.3;34.51;3.53;3;23.33;38.383;False;False;False
1236;22.4;27.38;3.89;4;7.71;41.72;False;False;False
1237;31.7;35.72;5.14;9;2.86;52.012;False;False;False
1238;26.3;30.94;4.67;8;48.51;39.421;False;False;False
1239;30.5;26.72;5.6;5;39.38;77.637;False;False;True
1240;30.4;26.88;5.73;8;40.66;77.594;True;False;True
1241;25.7;30.5;4.69;6;2.53;39.309;False;False;False
1242;28.4;33.66;5.2;8;3.91;64.225;False;False;False
1243;31.4;22.61;6.68;7;32.05;80.852;True;True;False
1244;31.4;23.43;6.86;5;41.43;76.094;True;True;False
1245;20.5;25.76;3.5;8;16.13;37.212;False;False;False
1246;28.9;31.18;4.02;7;14.12;37.661;False;False;False
1247;22.9;26.26;4.42;6;5.75;39.755;False;False;False
1248;24.0;28.21;3.61;8;19.48;42.113;False;False;False
1249;28.2;31.66;5.31;7;14.07;59.616;False;False;True
1250;27.9;34.86;4.49;7;6.49;61.8;False;False;False
1251;18.8;23.09;2.74;9;12.1;67.512;False;True;False
1252;25.3;30.27;4.14;3;23.92;41.966;False;False;False
1253;17.9;18.68;3.24;11;16.44;73.117;False;False;False
1254;19.8;23.73;4.22;6;34.83;41.145;False;False;False
1255;16.9;33.83;4.02;4;53.04;48.643;True;True;True
1256;19.7;29.34;4.02;7;13.96;42.982;False;False;False
1257;26.6;29.77;5.29;9;3.71;53.501;False;False;True
1258;31.1;22.46;6.01;6;42.53;81.319;False;False;True
1259;24.1;30.7;4.15;6;7.14;40.07;False;False;False
1260;25.8;23.49;5.21;6;14.11;81.378;False;True;False
1261;33.0;34.65;6.0;8;2.14;62.181;False;False;True
1262;20.8;23.23;3.9;5;21.39;36.444;False;False;False
1263;29.2;22.71;5.84;7;48.72;80.9;True;True;True
1264;25.9;32.87;4.06;3;8.59;40.188;False;False;False
1265;26.1;33.67;4.32;9;1.18;65.69;False;False;False
1266;28.0;33.06;5.27;9;6.51;53.274;False;True;False
1267;22.4;33.03;3.78;7;8.86;41.185;False;False;False
1268;18.9;29.15;3.95;5;4.55;39.3;False;False;False
1269;30.1;33.1;5.74;4;6.71;59.044;False;False;True
1270;27.7;37.12;4.15;8;9.61;66.604;False;False;False
1271;15.9;20.54;2.56;12;17.58;70.868;False;True;True
1272;26.0;33.45;3.72;5;37.67;43.831;False;False;False
1273;23.2;29.7;3.92;4;16.9;40.751;False;False;False
1274;32.5;40.78;4.51;8;7.48;69.076;False;False;False
1275;20.3;38.14;3.93;3;50.68;54.943;False;True;True
1276;34.0;36.87;5.84;5;2.68;59.259;False;False;True
1277;25.0;33.44;3.59;6;1.05;39.469;False;False;False
1278;22.0;22.32;4.2;6;17.64;40.286;False;False;False
1279;23.3;30.67;3.58;8;7.88;43.983;False;False;False
1280;15.9;18.35;3.14;11;28.71;67.133;False;False;False
1281;27.8;20.87;5.26;6;23.48;78.78;False;True;True
1282;27.6;32.04;5.74;8;0.48;67.11;False;False;False
1283;24.0;32.85;3.21;3;18.56;40.205;False;False;False
1284;31.0;25.75;6.27;5;23.05;81.603;True;False;True
1285;23.8;27.21;4.58;4;37.08;40.691;False;False;False
1286;26.2;29.44;4.43;5;3.51;39.964;False;False;False
1287;25.0;29.69;4.7;4;28.07;41.448;False;False;False
1288;32.0;37.24;5.2;7;0.02;55.268;False;False;False
1289;24.7;30.0;5.16;10;5.38;59.145;False;False;False
1290;25.8;32.95;4.05;6;39.67;41.728;False;False;False
1291;24.7;27.23;4.37;6;27.89;37.314;False;False;False
1292;24.8;33.6;4.11;6;9.05;40.401;False;False;False
1293;18.5;17.59;3.24;10;11.77;74.637;False;False;False
1294;27.1;31.66;4.36;5;5.42;39.916;False;False;False
1295;14.5;31.51;4.2;5;41.08;51.763;False;True;True
1296;24.1;30.71;3.86;5;6.88;36.967;False;False;False
1297;30.1;26.37;6.29;7;28.73;82.725;False;False;True
1298;29.9;37.58;4.5;9;2.41;62.565;False;True;True
1299;29.5;36.54;4.88;7;9.83;63.481;False;False;True
1300;30.1;36.2;4.82;9;11.31;57.518;False;True;False
1301;18.0;19.02;3.0;11;15.35;73.522;False;True;False
1302;27.8;35.96;3.19;7;15.3;40.737;False;False;False
1303;29.3;35.25;4.69;6;8.06;60.109;False;False;True
1304;25.5;32.16;4.68;5;21.06;59.305;False;False;False
1305;29.5;34.56;5.52;4;1.42;61.209;False;False;False
1306;21.4;26.26;4.22;2;14.8;40.84;False;False;False
1307;17.9;19.39;3.15;13;14.57;72.948;False;True;False
1308;18.5;27.25;3.49;6;21.4;39.012;False;False;False
1309;27.5;32.57;4.41;5;11.69;42.584;False;False;False
1310;25.1;32.31;3.9;5;23.9;43.515;False;False;False
1311;20.5;40.62;3.32;3;24.92;55.892;True;True;True
1312;26.0;26.1;4.75;8;15.35;37.936;False;False;False
1313;24.0;30.48;4.34;7;11.84;40.559;False;False;False
1314;28.9;34.14;5.1;12;17.05;58.43;False;False;False
1315;29.9;22.23;6.69;4;26.18;78.792;False;True;True
1316;32.3;36.18;5.69;10;3.82;57.544;False;True;True
1317;23.8;32.18;3.77;5;21.88;39.867;False;False;False
1318;30.9;24.59;5.86;5;56.43;80.188;False;True;True
1319;30.2;40.79;4.05;7;3.41;63.529;False;False;False
1320;18.1;21.19;2.94;5;7.38;66.662;False;False;True
1321;23.7;29.2;3.99;6;14.44;42.955;False;False;False
1322;31.3;24.82;6.15;7;30.9;75.646;True;True;True
1323;26.1;34.35;3.75;4;10.77;39.365;False;False;False
1324;23.5;32.01;3.52;10;11.88;37.493;False;False;False
1325;34.2;36.59;5.71;9;2.49;55.371;False;True;False
1326;23.5;30.94;3.67;9;18.9;41.119;False;False;False
1327;21.6;29.29;3.73;7;14.61;37.758;False;False;False
1328;31.4;36.21;5.65;8;1.54;53.752;False;False;False
1329;24.5;30.49;4.37;3;29.52;41.243;False;False;False
1330;29.2;27.11;5.93;5;29.54;79.11;True;True;True
1331;17.7;18.79;3.05;10;33.92;72.017;False;False;False
1332;16.7;18.99;2.99;7;15.4;62.021;False;True;False
1333;31.2;37.76;4.99;11;8.69;53.837;False;True;False
1334;30.0;25.87;5.41;5;31.91;78.612;False;True;True
1335;23.0;28.05;3.84;4;18.45;43.233;False;False;False
1336;21.9;37.46;4.31;4;37.41;49.988;True;True;True
1337;17.6;20.48;3.0;9;36.71;67.863;False;False;False
1338;25.7;24.39;4.67;7;31.29;41.395;False;False;False
1339;19.7;27.03;3.6;7;31.71;42.437;False;False;False
1340;20.1;22.53;2.79;8;16.56;74.195;False;False;False
1341;32.6;24.71;6.24;6;39.36;76.569;False;False;False
1342;24.7;32.46;4.51;8;3.8;37.86;False;False;False
1343;30.9;39.88;4.47;6;22.32;57.231;False;True;False
1344;32.8;36.1;5.28;8;1.26;61.052;False;False;True
1345;18.1;19.39;2.99;9;23.56;70.548;False;False;False
1346;20.0;21.13;3.24;11;20.3;67.658;False;False;False
1347;22.9;32.09;3.79;4;7.41;40.231;False;False;False
1348;33.4;27.65;6.4;7;37.67;84.533;False;True;True
1349;17.8;22.6;2.81;10;26.77;72.181;False;False;True
1350;29.4;24.63;5.64;5;35.86;79.813;True;True;True
1351;19.3;21.78;2.79;11;19.76;76.726;False;False;False
1352;26.6;32.65;3.76;6;37.94;36.071;False;False;False
1353;29.3;38.51;4.42;7;2.73;58.951;False;True;False
1354;26.5;21.34;5.18;4;64.5;82.545;True;True;True
1355;25.7;34.35;3.91;6;16.75;41.289;False;False;False
1356;29.7;36.76;5.19;7;6.95;66.014;False;False;False
1357;27.9;31.16;5.65;5;7.49;59.729;False;True;False
1358;25.5;36.24;4.23;10;53.58;64.498;False;False;False
1359;29.0;33.59;5.18;7;4.71;58.69;False;False;False
1360;30.0;25.09;5.34;4;22.27;83.59;True;False;True
1361;30.7;37.79;4.89;9;13.05;59.318;False;True;False
1362;19.5;33.54;4.02;6;47.04;51.301;True;True;True
1363;21.6;26.69;3.53;3;48.85;39.488;False;False;False
1364;28.9;21.67;6.61;6;23.95;81.595;False;True;True
1365;23.4;29.26;4.26;6;6.47;36.809;False;False;False
1366;22.0;26.76;4.53;5;13.77;41.818;False;False;False
1367;24.7;31.35;3.82;8;6.16;39.996;False;False;False
1368;23.9;29.27;4.07;6;30.43;43.624;False;False;False
1369;25.1;33.67;3.49;4;13.65;40.611;False;False;False
1370;17.9;20.11;2.66;9;12.37;68.186;False;False;False
1371;26.7;29.6;5.67;8;3.11;58.038;False;False;False
1372;32.6;41.02;4.31;6;6.54;59.977;False;False;False
1373;31.0;36.44;5.28;7;5.29;57.883;False;True;True
1374;22.6;27.23;4.1;5;28.32;41.945;False;False;False
1375;30.8;23.77;6.51;7;83.86;77.796;False;True;False
1376;22.5;27.18;4.57;6;8.29;37.837;False;False;False
1377;24.5;29.56;3.97;6;21.06;41.077;False;False;False
1378;30.2;24.17;6.46;3;19.41;78.159;False;False;False
1379;17.9;37.52;4.27;1;24.66;46.927;True;True;True
1380;27.7;33.79;4.84;4;6.44;57.678;False;False;False
1381;28.8;21.1;6.07;4;45.98;80.313;True;False;True
1382;19.0;21.83;3.11;10;11.02;74.705;False;False;False
1383;25.4;29.74;4.45;6;10.51;38.954;False;False;False
1384;20.8;29.47;3.77;4;13.32;38.947;False;False;False
1385;32.4;24.32;6.6;6;32.54;81.695;True;True;False
1386;30.2;31.35;4.89;7;29.31;80.211;True;True;True
1387;23.8;27.01;3.38;6;12.8;39.282;False;False;False
1388;26.2;30.14;4.54;6;26.75;41.0;False;False;False
1389;18.1;21.64;2.99;9;9.6;67.489;False;False;False
1390;30.5;35.76;5.45;10;23.34;58.174;False;True;False
1391;32.7;38.5;5.1;10;4.89;64.802;False;False;False
1392;28.4;34.6;4.78;6;3.5;59.954;False;False;False
1393;23.8;29.8;3.91;7;32.67;40.799;False;False;False
1394;32.7;38.11;5.36;7;17.98;60.033;False;False;True
1395;22.9;31.19;3.74;7;18.38;43.159;False;False;False
1396;27.9;30.12;5.73;7;16.57;55.871;False;False;False
1397;24.7;30.61;4.19;3;10.56;39.682;False;False;False
1398;28.5;35.1;4.54;9;15.5;58.345;False;False;False
1399;29.7;24.58;5.75;4;57.38;77.815;False;False;False
1400;23.7;33.14;4.13;9;14.51;67.275;False;False;False
1401;38.4;43.41;5.36;8;1.52;56.218;False;True;True
1402;30.9;25.93;5.8;2;41.32;79.713;False;True;True
1403;17.9;19.07;3.0;11;24.82;68.544;False;False;False
1404;21.5;31.46;3.74;8;4.56;38.62;False;False;False
1405;29.8;34.81;5.56;8;2.13;54.08;False;False;False
1406;20.8;28.73;3.34;5;23.73;42.612;False;False;False
1407;32.9;43.47;3.6;8;4.41;65.372;False;False;False
1408;30.5;35.45;5.49;8;3.04;61.155;False;False;False
1409;23.9;30.24;4.24;6;15.94;42.301;False;False;False
1410;29.2;22.32;6.05;6;17.23;82.726;False;True;True
1411;25.2;32.1;3.53;4;25.02;41.937;False;False;False
1412;18.1;19.57;3.4;8;16.93;70.791;False;True;False
1413;29.9;34.01;5.39;9;4.42;56.822;False;False;False
1414;27.4;35.9;4.4;9;12.93;61.346;False;False;True
1415;24.5;30.43;3.72;6;9.36;42.767;False;False;False
1416;23.0;34.13;4.16;5;20.55;41.925;False;False;False
1417;25.0;30.39;4.09;5;27.18;40.523;False;False;False
1418;29.8;24.35;5.8;5;34.49;79.837;True;True;True
1419;32.2;35.83;5.65;10;28.12;61.005;False;False;False
1420;26.8;33.08;4.45;6;21.04;42.759;False;False;False
1421;15.9;16.57;3.3;12;9.35;64.831;False;False;False
1422;15.8;35.39;3.3;7;40.63;52.402;True;True;True
